eff_rank,is_sphere,is_hyperbolic,curvature,ptile,cutoff_ratio,d,RE
1.0001,0,1,-1,75.0,1.1505780196312625,2,0.9074439257149778
1.0001,0,1,-1,80.0,1.281838069905198,2,0.9255963869200295
1.0001,0,1,-1,82.13,1.3445189419938073,2,0.9338917258221412
1.0001,0,1,-1,85.0,1.4388604592802638,2,0.9439609290644372
1.0001,0,1,-1,90.0,1.643949391823675,2,0.961066669067469
1.0001,0,1,-1,95.0,1.9574987383218223,2,0.9779237950772808
1.0001,0,1,-1,99.0,2.564508320771418,2,0.996094179966481
1.0001,0,1,-1,99.73,2.95270553233162,2,0.9984175339950788
1.0004,0,1,-1,80.0,1.281922116231316,5,0.9181877625473894
1.0004,0,1,-1,82.13,1.345033936832052,5,0.9276998875946502
1.0004,0,1,-1,85.0,1.4390637871631766,5,0.940574968096264
1.0004,0,1,-1,90.0,1.6450235480445847,5,0.963983520775492
1.0004,0,1,-1,95.0,1.956928081795981,5,0.9810591394653568
1.0004,0,1,-1,99.0,2.559502259846301,5,0.9911164630326018
1.0004,0,1,-1,99.73,2.947800610966103,5,0.99569156104277
1.0009,0,1,-1,60.0,0.8419461663713551,10,0.912524826233156
1.0009,0,1,-1,70.0,1.036275957439509,10,0.9470516351740768
1.0009,0,1,-1,75.0,1.1498453589012927,10,0.9612835524399612
1.0009,0,1,-1,80.0,1.2804730474671409,10,0.9726654651700916
1.0009,0,1,-1,82.13,1.3436485615559473,10,0.9775183375523442
1.0009,0,1,-1,85.0,1.439173479466831,10,0.9843269803039212
1.0009,0,1,-1,90.0,1.644268539292814,10,0.9936359312919288
1.0009,0,1,-1,95.0,1.9576732505602308,10,0.9992319192530872
1.0009,0,1,-1,99.0,2.563248872864178,10,0.9992073582560926
1.0009,0,1,-1,99.73,2.955055978382336,10,0.9996723460041376
1.005,0,1,-1,70.0,1.0346887465320551,2,0.9000242438331539
1.005,0,1,-1,75.0,1.1475329447035556,2,0.9165457745031056
1.005,0,1,-1,80.0,1.2781066638719014,2,0.9307852418112784
1.005,0,1,-1,82.13,1.3407872929798617,2,0.9371996008408912
1.005,0,1,-1,85.0,1.4355763883951125,2,0.9469562288122992
1.005,0,1,-1,90.0,1.6399461884509638,2,0.9655136810409728
1.005,0,1,-1,95.0,1.950335809313246,2,0.984145476637733
1.005,0,1,-1,99.0,2.550138518498888,2,0.9951575304629292
1.005,0,1,-1,99.73,2.9384112560511246,2,0.999017177554604
2.0,0,1,-1,40.0,0.7144105061538009,2,0.9088501441555816
2.0,0,1,-1,45.0,0.772938620175121,2,0.9190461756669832
2.0,0,1,-1,50.0,0.8318414834681515,2,0.9292478819540576
2.0,0,1,-1,60.0,0.9567481467602345,2,0.9465794102793376
2.0,0,1,-1,70.0,1.0972282019631063,2,0.9620423604995084
2.0,0,1,-1,75.0,1.1773769748519305,2,0.970831424253319
2.0,0,1,-1,80.0,1.2693500074475554,2,0.9779438063413298
2.0,0,1,-1,82.13,1.31332701288917,2,0.9805640343550052
2.0,0,1,-1,85.0,1.3780791744055805,2,0.9841376616740668
2.0,0,1,-1,90.0,1.5169923492611264,2,0.9893064944269828
2.0,0,1,-1,95.0,1.729217547862714,2,0.9935024051118432
2.0,0,1,-1,99.0,2.1320475088261204,2,0.9980746784726312
2.0,0,1,-1,99.73,2.3863527138385403,2,0.9992815621629244
2.0018,0,1,-1,50.0,0.8326072095864884,20,0.9023975418459466
2.0018,0,1,-1,60.0,0.9568374539611456,20,0.9224215081371464
2.0018,0,1,-1,70.0,1.0965598282940694,20,0.9444303902993634
2.0018,0,1,-1,75.0,1.176258043314484,20,0.9556386587990748
2.0018,0,1,-1,80.0,1.2672341676313876,20,0.965191706089116
2.0018,0,1,-1,82.13,1.3104709359308802,20,0.968944870470856
2.0018,0,1,-1,85.0,1.3758488719474085,20,0.9742156257475414
2.0018,0,1,-1,90.0,1.5146497990755643,20,0.9829560284731972
2.0018,0,1,-1,95.0,1.7278455125057353,20,0.990687368918985
2.0018,0,1,-1,99.0,2.132493565734044,20,0.9989413832660357
2.0018,0,1,-1,99.73,2.395971761111954,20,1.000070092966186
2.5000000000000004,0,1,-1,25.0,0.6518916929284442,5,0.9027396090051656
2.5000000000000004,0,1,-1,30.0,0.6980782223503338,5,0.9090505034204824
2.5000000000000004,0,1,-1,35.0,0.7428128115511831,5,0.9157997404513146
2.5000000000000004,0,1,-1,40.0,0.7870817064980469,5,0.9231491343939282
2.5000000000000004,0,1,-1,45.0,0.8318892188949321,5,0.9307354514473988
2.5000000000000004,0,1,-1,50.0,0.8776628231216808,5,0.9383186795931544
2.5000000000000004,0,1,-1,60.0,0.9760386813253946,5,0.9525650031924554
2.5000000000000004,0,1,-1,70.0,1.088355388128679,5,0.9665020901672028
2.5000000000000004,0,1,-1,75.0,1.1528867809106111,5,0.973013015955042
2.5000000000000004,0,1,-1,80.0,1.2279539150491263,5,0.9794050920381135
2.5000000000000004,0,1,-1,82.13,1.263971015553205,5,0.9821398415915954
2.5000000000000004,0,1,-1,85.0,1.3184718018519843,5,0.9852894960158004
2.5000000000000004,0,1,-1,90.0,1.4349063687730363,5,0.990574300786532
2.5000000000000004,0,1,-1,95.0,1.616119540906208,5,0.99629182454862
2.5000000000000004,0,1,-1,99.0,1.9688860525411351,5,0.9998684421133032
2.5000000000000004,0,1,-1,99.73,2.2004193983130635,5,0.9996854291600664
5.0,0,1,-1,5.0,0.4803401469339197,5,0.9049993803446608
5.0,0,1,-1,10.0,0.568523334738528,5,0.9114866399941476
5.0,0,1,-1,15.0,0.6322396080674731,5,0.9179065133698796
5.0,0,1,-1,20.0,0.684748832480576,5,0.9249872649849216
5.0,0,1,-1,25.0,0.7313275616013325,5,0.9314671083468298
5.0,0,1,-1,30.0,0.7744811084336483,5,0.9370505872754922
5.0,0,1,-1,35.0,0.8154044695122714,5,0.942827482170797
5.0,0,1,-1,40.0,0.8550924076047464,5,0.948544226728083
5.0,0,1,-1,45.0,0.894305029532231,5,0.9541279899831948
5.0,0,1,-1,50.0,0.9331885336984336,5,0.9594544558409254
5.0,0,1,-1,60.0,1.0130510638205033,5,0.9703110542276682
5.0,0,1,-1,70.0,1.1011295014977522,5,0.9794894715488316
5.0,0,1,-1,75.0,1.1511059458063762,5,0.98360236377853
5.0,0,1,-1,80.0,1.206921399374952,5,0.9879685303781036
5.0,0,1,-1,82.13,1.233501212295643,5,0.989590399346306
5.0,0,1,-1,85.0,1.2736680395401374,5,0.9912719040017206
5.0,0,1,-1,90.0,1.358480507109867,5,0.9939295689432492
5.0,0,1,-1,95.0,1.486170567818835,5,0.9959509526275778
5.0,0,1,-1,99.0,1.7306585406230188,5,0.9992073027310528
5.0,0,1,-1,99.73,1.8887065927270432,5,0.9997903157223677
5.004500000000001,0,1,-1,5.0,0.4801354582176487,50,0.9238343170316126
5.004500000000001,0,1,-1,10.0,0.5675577290771893,50,0.9308112745359618
5.004500000000001,0,1,-1,15.0,0.6316596579235284,50,0.9360965777511429
5.004500000000001,0,1,-1,20.0,0.6850319780701073,50,0.9408077223362624
5.004500000000001,0,1,-1,25.0,0.73195364262358,50,0.9456436858540698
5.004500000000001,0,1,-1,30.0,0.7749695624489782,50,0.9505717653308652
5.004500000000001,0,1,-1,35.0,0.8157388592021445,50,0.9554310704486376
5.004500000000001,0,1,-1,40.0,0.8552465635153609,50,0.9602233583428744
5.004500000000001,0,1,-1,45.0,0.8940463215116274,50,0.9647196078451392
5.004500000000001,0,1,-1,50.0,0.9328366077688814,50,0.9691507459511388
5.004500000000001,0,1,-1,60.0,1.0128068644796646,50,0.9770792534559049
5.004500000000001,0,1,-1,70.0,1.100398583235972,50,0.9842015315567544
5.004500000000001,0,1,-1,75.0,1.1502440852964428,50,0.9877699725791066
5.004500000000001,0,1,-1,80.0,1.206089639445216,50,0.9907559262643484
5.004500000000001,0,1,-1,82.13,1.23256436477528,50,0.9917261098691073
5.004500000000001,0,1,-1,85.0,1.272036417040934,50,0.993090458760606
5.004500000000001,0,1,-1,90.0,1.3566979138323896,50,0.9956283215854088
5.004500000000001,0,1,-1,95.0,1.4843387328265587,50,0.9980386934420106
5.004500000000001,0,1,-1,99.0,1.7267460745603482,50,0.9994595099046903
5.004500000000001,0,1,-1,99.73,1.883079789288488,50,0.9997518450176572
5.005,0,1,-1,5.0,0.4797898679408063,10,0.9125718562599318
5.005,0,1,-1,10.0,0.5682569465408277,10,0.9202177571639544
5.005,0,1,-1,15.0,0.6320395034649622,10,0.9263119694516436
5.005,0,1,-1,20.0,0.6847911290947319,10,0.9321566160961432
5.005,0,1,-1,25.0,0.7315458701307056,10,0.9374732636120632
5.005,0,1,-1,30.0,0.7745477757526463,10,0.9426642174729232
5.005,0,1,-1,35.0,0.8153204611207583,10,0.9477191902409206
5.005,0,1,-1,40.0,0.8547543390341377,10,0.9523833842195027
5.005,0,1,-1,45.0,0.8938756175903757,10,0.9571510055674088
5.005,0,1,-1,50.0,0.9325577650306393,10,0.9617717961158044
5.005,0,1,-1,60.0,1.0125606275774135,10,0.9704391837131492
5.005,0,1,-1,70.0,1.1005378967719943,10,0.9789853742362816
5.005,0,1,-1,75.0,1.1503030202429605,10,0.9833977358573526
5.005,0,1,-1,80.0,1.206691954363958,10,0.9872141118159198
5.005,0,1,-1,82.13,1.2332926518627128,10,0.9887424960839584
5.005,0,1,-1,85.0,1.2731190990242405,10,0.9906713290799596
5.005,0,1,-1,90.0,1.3578479830532293,10,0.9943261949165751
5.005,0,1,-1,95.0,1.4861417055580295,10,0.9975849668341856
5.005,0,1,-1,99.0,1.7298949292299768,10,0.9998821758322234
5.005,0,1,-1,99.73,1.8866152406613372,10,0.9997952527758904
10.000000000000002,0,1,-1,5.0,0.6289882707521018,10,0.951913003077948
10.000000000000002,0,1,-1,10.0,0.6985373447069451,10,0.956097177293196
10.000000000000002,0,1,-1,15.0,0.7467679037230812,10,0.9597884885094632
10.000000000000002,0,1,-1,20.0,0.7862821518883741,10,0.9629398138006308
10.000000000000002,0,1,-1,25.0,0.8208651719985347,10,0.9659938095375477
10.000000000000002,0,1,-1,30.0,0.852486770487222,10,0.969096859167703
10.000000000000002,0,1,-1,35.0,0.8822608494044265,10,0.9722064523026056
10.000000000000002,0,1,-1,40.0,0.9109191395863296,10,0.9751753322857234
10.000000000000002,0,1,-1,45.0,0.9389182418276992,10,0.9780300896600188
10.000000000000002,0,1,-1,50.0,0.9666227803559844,10,0.9807206797718768
10.000000000000002,0,1,-1,60.0,1.0235082646263969,10,0.985709375956237
10.000000000000002,0,1,-1,70.0,1.0852900921220945,10,0.989947019211263
10.000000000000002,0,1,-1,75.0,1.1199956968600553,10,0.9917564853022528
10.000000000000002,0,1,-1,80.0,1.1587900548072512,10,0.9934112950948878
10.000000000000002,0,1,-1,82.13,1.177688033317051,10,0.9939874176608604
10.000000000000002,0,1,-1,85.0,1.2049982347913202,10,0.9949491602474662
10.000000000000002,0,1,-1,90.0,1.263457558783848,10,0.9964863673857052
10.000000000000002,0,1,-1,95.0,1.350886203222201,10,0.997932148006319
10.000000000000002,0,1,-1,99.0,1.5175098044406825,10,0.9994777832197724
10.000000000000002,0,1,-1,99.73,1.6253737973406428,10,0.9997599161445658
10.005000000000004,0,1,-1,5.0,0.6284322338439482,20,0.961241758522394
10.005000000000004,0,1,-1,10.0,0.6980551544063364,20,0.9647338820107972
10.005000000000004,0,1,-1,15.0,0.7465027168877179,20,0.968002514013374
10.005000000000004,0,1,-1,20.0,0.7862457813591599,20,0.9711185361132072
10.005000000000004,0,1,-1,25.0,0.8206085653799111,20,0.9741861881539838
10.005000000000004,0,1,-1,30.0,0.8523174424315162,20,0.9770323230988892
10.005000000000004,0,1,-1,35.0,0.8819798139165054,20,0.9795611913234868
10.005000000000004,0,1,-1,40.0,0.9106670397967928,20,0.9819308357203196
10.005000000000004,0,1,-1,45.0,0.9384635984631176,20,0.9842244966025364
10.005000000000004,0,1,-1,50.0,0.966088694392529,20,0.9863460161081468
10.005000000000004,0,1,-1,60.0,1.0228748388953042,20,0.990057161705742
10.005000000000004,0,1,-1,70.0,1.0849198147405184,20,0.9933025326317232
10.005000000000004,0,1,-1,75.0,1.119652231925054,20,0.9948373746483702
10.005000000000004,0,1,-1,80.0,1.158883210603415,20,0.9961978647450308
10.005000000000004,0,1,-1,82.13,1.1773895483945416,20,0.9967437319070912
10.005000000000004,0,1,-1,85.0,1.2049221089803197,20,0.997496800099741
10.005000000000004,0,1,-1,90.0,1.2639314854704398,20,0.9987793671175594
10.005000000000004,0,1,-1,95.0,1.3516654533192751,20,0.9997681449638398
10.005000000000004,0,1,-1,99.0,1.518074471243471,20,0.9997356744126328
10.005000000000004,0,1,-1,99.73,1.6251836529782704,20,0.9998346485648476
10.009000000000002,0,1,-1,5.0,0.6290836815001466,100,0.9523184860476654
10.009000000000002,0,1,-1,10.0,0.6984220763796303,100,0.9558858962753616
10.009000000000002,0,1,-1,15.0,0.747084979208886,100,0.9593459778158204
10.009000000000002,0,1,-1,20.0,0.7866237728072532,100,0.9627202133361256
10.009000000000002,0,1,-1,25.0,0.8214312842973368,100,0.9657478635382488
10.009000000000002,0,1,-1,30.0,0.8526726122537448,100,0.9689183570401372
10.009000000000002,0,1,-1,35.0,0.8823563592352088,100,0.971909732375928
10.009000000000002,0,1,-1,40.0,0.9110131357974912,100,0.974768891161921
10.009000000000002,0,1,-1,45.0,0.939103691379085,100,0.9774279554448696
10.009000000000002,0,1,-1,50.0,0.9669096009562133,100,0.980008424525228
10.009000000000002,0,1,-1,60.0,1.0234537381744375,100,0.9847057633124676
10.009000000000002,0,1,-1,70.0,1.0853323471867269,100,0.9889053731476952
10.009000000000002,0,1,-1,75.0,1.1200526006639575,100,0.9907259811062452
10.009000000000002,0,1,-1,80.0,1.1589900183874038,100,0.9924009679560852
10.009000000000002,0,1,-1,82.13,1.1774275678187986,100,0.993169711387044
10.009000000000002,0,1,-1,85.0,1.2048847185027565,100,0.9940296103369856
10.009000000000002,0,1,-1,90.0,1.2637750081372452,100,0.9956632244714856
10.009000000000002,0,1,-1,95.0,1.3523542333735965,100,0.997369595742572
10.009000000000002,0,1,-1,99.0,1.5198991249607354,100,0.999341299581932
10.009000000000002,0,1,-1,99.73,1.62705350952538,100,0.9997516998852004
20.000000000000004,0,1,-1,5.0,0.7373852906219649,20,0.9776483514755712
20.000000000000004,0,1,-1,10.0,0.7893353702714315,20,0.9795208965344404
20.000000000000004,0,1,-1,15.0,0.8250634073152412,20,0.9813109429441546
20.000000000000004,0,1,-1,20.0,0.8540389883417879,20,0.9830209186581114
20.000000000000004,0,1,-1,25.0,0.8791153419840606,20,0.9845870013879852
20.000000000000004,0,1,-1,30.0,0.901851790475912,20,0.9861251096784408
20.000000000000004,0,1,-1,35.0,0.9232830700462944,20,0.9875641801981788
20.000000000000004,0,1,-1,40.0,0.943725151218746,20,0.9887531890073858
20.000000000000004,0,1,-1,45.0,0.9636393165576904,20,0.9899173978512168
20.000000000000004,0,1,-1,50.0,0.9833658684320472,20,0.9910577192295534
20.000000000000004,0,1,-1,60.0,1.0238311986310848,20,0.9932439467154254
20.000000000000004,0,1,-1,70.0,1.067605634545851,20,0.9953173215905292
20.000000000000004,0,1,-1,75.0,1.0919295715562165,20,0.996300520225259
20.000000000000004,0,1,-1,80.0,1.1190769000966885,20,0.9971745883595704
20.000000000000004,0,1,-1,82.13,1.1318490536909616,20,0.9975250033922126
20.000000000000004,0,1,-1,85.0,1.1508725535224404,20,0.9979574320829332
20.000000000000004,0,1,-1,90.0,1.1917737353134388,20,0.9986527493412336
20.000000000000004,0,1,-1,95.0,1.2526087528204812,20,0.9992916871589572
20.000000000000004,0,1,-1,99.0,1.3688372547176006,20,0.999764513763124
20.000000000000004,0,1,-1,99.73,1.441358875896997,20,0.9999162822541172
25.005,0,1,-1,5.0,0.7652081738385103,50,0.9834878640129002
25.005,0,1,-1,10.0,0.8123686781835799,50,0.9849958204727955
25.005,0,1,-1,15.0,0.8446555378555485,50,0.9863951122849364
25.005,0,1,-1,20.0,0.8705690556071694,50,0.9877270000501864
25.005,0,1,-1,25.0,0.8932691338867522,50,0.9889196844212276
25.005,0,1,-1,30.0,0.9137268411634488,50,0.9900558149457328
25.005,0,1,-1,35.0,0.9329092699124364,50,0.9911516932790162
25.005,0,1,-1,40.0,0.9511315930962048,50,0.9922453141797608
25.005,0,1,-1,45.0,0.9690187913842024,50,0.9932962701943898
25.005,0,1,-1,50.0,0.986665460822876,50,0.9942305363165856
25.005,0,1,-1,60.0,1.0226957716019016,50,0.995882064788692
25.005,0,1,-1,70.0,1.061631345945933,50,0.9974674359012868
25.005,0,1,-1,75.0,1.0833382424180036,50,0.9980884723620064
25.005,0,1,-1,80.0,1.1077136644469536,50,0.9987111358222592
25.005,0,1,-1,82.13,1.119080034793369,50,0.998907881944204
25.005,0,1,-1,85.0,1.136057994723565,50,0.9991721437928937
25.005,0,1,-1,90.0,1.1722270325556798,50,0.9995694480891196
25.005,0,1,-1,95.0,1.226350232552326,50,0.9998780854266514
25.005,0,1,-1,99.0,1.3284999965948967,50,1.0000099418380708
25.005,0,1,-1,99.73,1.3923160747284653,50,0.9999923643933536
50.0,0,1,-1,5.0,0.8343101867677418,50,0.993350525484366
50.0,0,1,-1,10.0,0.8684130061574369,50,0.9939976074095008
50.0,0,1,-1,15.0,0.8918471511900293,50,0.9946066067006388
50.0,0,1,-1,20.0,0.9106891704678692,50,0.9952146895892428
50.0,0,1,-1,25.0,0.9269371425831814,50,0.9957612365255128
50.0,0,1,-1,30.0,0.9415316120571948,50,0.9962640305684044
50.0,0,1,-1,35.0,0.95519579529839,50,0.9967141718005436
50.0,0,1,-1,40.0,0.9682217481700852,50,0.9971171801983848
50.0,0,1,-1,45.0,0.980884018222118,50,0.997476053562714
50.0,0,1,-1,50.0,0.9933127949182804,50,0.997858234462655
50.0,0,1,-1,60.0,1.01861443533504,50,0.9985569768477
50.0,0,1,-1,70.0,1.0461253759461742,50,0.99912087802119
50.0,0,1,-1,75.0,1.0614013865667644,50,0.9993715068045104
50.0,0,1,-1,80.0,1.0785189345477544,50,0.9995576612797052
50.0,0,1,-1,82.13,1.0865111299154415,50,0.9996299038252154
50.0,0,1,-1,85.0,1.0984756044637407,50,0.999697463068814
50.0,0,1,-1,90.0,1.123960116407321,50,0.999792013892928
50.0,0,1,-1,95.0,1.161783179121229,50,0.9998673494751652
50.0,0,1,-1,99.0,1.2326395561283126,50,0.9999468506854756
50.0,0,1,-1,99.73,1.276324728137484,50,0.999971328942638
50.005,0,1,-1,5.0,0.8344441208659267,100,0.9902672379394803
50.005,0,1,-1,10.0,0.8683795428453404,100,0.9909892796296044
50.005,0,1,-1,15.0,0.8919744517255909,100,0.991646735438786
50.005,0,1,-1,20.0,0.9107448233462936,100,0.9923913715874868
50.005,0,1,-1,25.0,0.9269966954058152,100,0.993038913866566
50.005,0,1,-1,30.0,0.9415597721590352,100,0.9936276421524876
50.005,0,1,-1,35.0,0.9551791441504874,100,0.9942216924538424
50.005,0,1,-1,40.0,0.9681931559906756,100,0.9948092242268004
50.005,0,1,-1,45.0,0.9807585557539602,100,0.995406444874808
50.005,0,1,-1,50.0,0.9933074780099644,100,0.9959711947535022
50.005,0,1,-1,60.0,1.0186651759873682,100,0.9970383418182692
50.005,0,1,-1,70.0,1.0460519086083806,100,0.9979649324269274
50.005,0,1,-1,75.0,1.061381081315594,100,0.9983861682849474
50.005,0,1,-1,80.0,1.0784774025876631,100,0.9987537746723892
50.005,0,1,-1,82.13,1.086508401791449,100,0.9989151368293288
50.005,0,1,-1,85.0,1.098459487577658,100,0.999137802665145
50.005,0,1,-1,90.0,1.123755603921462,100,0.99949325420126
50.005,0,1,-1,95.0,1.1614511997125316,100,0.9997924270950151
50.005,0,1,-1,99.0,1.2327157746052724,100,0.9999478041926448
50.005,0,1,-1,99.73,1.2774494149565878,100,0.9999566596098864
50.045,0,1,-1,5.0,0.8346442393228832,500,0.9915588335552992
50.045,0,1,-1,10.0,0.8685577383424045,500,0.992055413550914
50.045,0,1,-1,15.0,0.8917058071535334,500,0.9925130824699374
50.045,0,1,-1,20.0,0.9109795565313922,500,0.992969264427378
50.045,0,1,-1,25.0,0.9268706942003054,500,0.9934569223709148
50.045,0,1,-1,30.0,0.9417298268205602,500,0.994035371870535
50.045,0,1,-1,35.0,0.9553815875389474,500,0.9947879112903198
50.045,0,1,-1,40.0,0.9684674221841024,500,0.9955402006225852
50.045,0,1,-1,45.0,0.9811757125982966,500,0.9960631124159172
50.045,0,1,-1,50.0,0.9932642722453776,500,0.9966028261968246
50.045,0,1,-1,60.0,1.018364650144815,500,0.9974587138430564
50.045,0,1,-1,70.0,1.0454097278424577,500,0.9982316178741092
50.045,0,1,-1,75.0,1.0605680495645025,500,0.9986059575669446
50.045,0,1,-1,80.0,1.077981332133332,500,0.9990218305652164
50.045,0,1,-1,82.13,1.085767418152686,500,0.9992617195572708
50.045,0,1,-1,85.0,1.0975300130239072,500,0.9995196107460468
50.045,0,1,-1,90.0,1.1233258222755846,500,0.99964888977833
50.045,0,1,-1,95.0,1.1600548143846088,500,0.9997802045247194
50.045,0,1,-1,99.0,1.2321465179552544,500,0.9999215754536964
50.045,0,1,-1,99.73,1.2760319865023435,500,0.9999834349393
100.00000000000004,0,1,-1,5.0,0.8830232719548992,100,0.995455856708934
100.00000000000004,0,1,-1,10.0,0.9077102454933458,100,0.9958703830517818
100.00000000000004,0,1,-1,15.0,0.924492545918742,100,0.9962292292462328
100.00000000000004,0,1,-1,20.0,0.9379162553811332,100,0.9965737925247165
100.00000000000004,0,1,-1,25.0,0.9494479955934038,100,0.9968806622390538
100.00000000000004,0,1,-1,30.0,0.959901665537025,100,0.9971756637070844
100.00000000000004,0,1,-1,35.0,0.9696811343027464,100,0.9974520931768442
100.00000000000004,0,1,-1,40.0,0.9789832691642232,100,0.9977320728315778
100.00000000000004,0,1,-1,45.0,0.9878800142227756,100,0.9979791656391572
100.00000000000004,0,1,-1,50.0,0.9967596267264804,100,0.998199247733198
100.00000000000004,0,1,-1,60.0,1.0146500386371748,100,0.998638505915508
100.00000000000004,0,1,-1,70.0,1.0340010861678666,100,0.9990441803057748
100.00000000000004,0,1,-1,75.0,1.0447289308331011,100,0.999244081790397
100.00000000000004,0,1,-1,80.0,1.0567055087543196,100,0.999423215125088
100.00000000000004,0,1,-1,82.13,1.0623323716075144,100,0.999487730324296
100.00000000000004,0,1,-1,85.0,1.070732164725735,100,0.9995743229783683
100.00000000000004,0,1,-1,90.0,1.0885505648676557,100,0.999734848764946
100.00000000000004,0,1,-1,95.0,1.1147558260410324,100,0.999903960280774
100.00000000000004,0,1,-1,99.0,1.1637361582115042,100,0.9999903459732936
100.00000000000004,0,1,-1,99.73,1.1949149392470046,100,1.0000046737938226
250.0050000000001,0,1,-1,5.0,0.9261817582824654,500,0.9984958519908989
250.0050000000001,0,1,-1,10.0,0.9421013220172156,500,0.9986693579686028
250.0050000000001,0,1,-1,15.0,0.9527529167178374,500,0.9988084382448856
250.0050000000001,0,1,-1,20.0,0.9612645732230276,500,0.9989322724622696
250.0050000000001,0,1,-1,25.0,0.968636589658076,500,0.9990626031894764
250.0050000000001,0,1,-1,30.0,0.9752701425414556,500,0.999200289996027
250.0050000000001,0,1,-1,35.0,0.98137755102257,500,0.999326817127622
250.0050000000001,0,1,-1,40.0,0.9873286455588612,500,0.999437969422542
250.0050000000001,0,1,-1,45.0,0.992980174044488,500,0.9995407787569828
250.0050000000001,0,1,-1,50.0,0.9986752986232982,500,0.9996344243929765
250.0050000000001,0,1,-1,60.0,1.010060392670312,500,0.9998071570949878
250.0050000000001,0,1,-1,70.0,1.0224112718635068,500,0.999941139689608
250.0050000000001,0,1,-1,75.0,1.029077416261724,500,0.9999894744875776
250.0050000000001,0,1,-1,80.0,1.0367024398596552,500,1.0000113978060137
250.0050000000001,0,1,-1,82.13,1.0402728482093957,500,1.000011458370506
250.0050000000001,0,1,-1,85.0,1.0454321341799822,500,1.0000006458089488
250.0050000000001,0,1,-1,90.0,1.056415792136963,500,1.000022489898864
250.0050000000001,0,1,-1,95.0,1.0727166587997694,500,1.0000423274400518
250.0050000000001,0,1,-1,99.0,1.1036709737459505,500,1.000018625501952
250.0050000000001,0,1,-1,99.73,1.1236997225116532,500,1.000019251690261
500.00000000000017,0,1,-1,5.0,0.947963206562886,500,0.9994215009795944
500.00000000000017,0,1,-1,10.0,0.9591008710754684,500,0.9994594724337204
500.00000000000017,0,1,-1,15.0,0.9667659472275792,500,0.9994943344851164
500.00000000000017,0,1,-1,20.0,0.9728126812792488,500,0.9995340940786526
500.00000000000017,0,1,-1,25.0,0.9781099270811328,500,0.9995740402371828
500.00000000000017,0,1,-1,30.0,0.9828850481430892,500,0.999619740443194
500.00000000000017,0,1,-1,35.0,0.9872845991335852,500,0.9996567580446176
500.00000000000017,0,1,-1,40.0,0.9914310567691154,500,0.999691945317396
500.00000000000017,0,1,-1,45.0,0.9954164876886944,500,0.9997349240552096
500.00000000000017,0,1,-1,50.0,0.9993257794380596,500,0.9997840448320628
500.00000000000017,0,1,-1,60.0,1.0073984084443734,500,0.9998711417977302
500.00000000000017,0,1,-1,70.0,1.0160037481106037,500,0.9999172964526172
500.00000000000017,0,1,-1,75.0,1.0206927462428694,500,0.9999339587266204
500.00000000000017,0,1,-1,80.0,1.025955118950938,500,0.9999630667300452
500.00000000000017,0,1,-1,82.13,1.0282982775734906,500,0.9999753847803898
500.00000000000017,0,1,-1,85.0,1.0319612966849194,500,0.9999919193550776
500.00000000000017,0,1,-1,90.0,1.039685575263051,500,1.0000056348707465
500.00000000000017,0,1,-1,95.0,1.0515371724137574,500,1.0000109868520737
500.00000000000017,0,1,-1,99.0,1.0729537609533908,500,1.0000132777623665
500.00000000000017,0,1,-1,99.73,1.0860107909986576,500,1.0000060333853105
1.0001,0,0,0,75.0,1.1499964662377815,2,0.903276822700314
1.0001,0,0,0,80.0,1.281039594267397,2,0.9242991280306788
1.0001,0,0,0,82.13,1.3429976371494652,2,0.9327636120294956
1.0001,0,0,0,85.0,1.437859894924119,2,0.943359788516648
1.0001,0,0,0,90.0,1.6432295277884068,2,0.9627105628328878
1.0001,0,0,0,95.0,1.956342136205601,2,0.981712075617282
1.0001,0,0,0,99.0,2.564177923912436,2,0.9971522761676938
1.0001,0,0,0,99.73,2.919331987407054,2,0.999337008582324
1.0004,0,0,0,80.0,1.281571027616961,5,0.9162772687744444
1.0004,0,0,0,82.13,1.3435783133144803,5,0.924181601004992
1.0004,0,0,0,85.0,1.438948972073098,5,0.9344042446068976
1.0004,0,0,0,90.0,1.6444632190148132,5,0.956197223799798
1.0004,0,0,0,95.0,1.956603523720733,5,0.9780331030177
1.0004,0,0,0,99.0,2.5581542922985188,5,0.9906287498152424
1.0004,0,0,0,99.73,2.921735369154933,5,0.99506459986328
1.0009,0,0,0,60.0,0.8410483283985931,10,0.914304493997338
1.0009,0,0,0,70.0,1.0351345591150898,10,0.9566183855425686
1.0009,0,0,0,75.0,1.1490299951784024,10,0.9710926770047356
1.0009,0,0,0,80.0,1.2800833571485304,10,0.9815346955194564
1.0009,0,0,0,82.13,1.342206299317411,10,0.9852374875646798
1.0009,0,0,0,85.0,1.4386060060944776,10,0.9921004047169854
1.0009,0,0,0,90.0,1.6420962958321774,10,0.9997238751073602
1.0009,0,0,0,95.0,1.9554533869056905,10,1.004596585652504
1.0009,0,0,0,99.0,2.562325576909457,10,1.0007304031472863
1.0009,0,0,0,99.73,2.926443476836139,10,0.9999073561235516
1.005,0,0,0,75.0,1.147086627899878,2,0.9091543712162408
1.005,0,0,0,80.0,1.2775928675242578,2,0.9238649766750447
1.005,0,0,0,82.13,1.339679398826395,2,0.9295563619612864
1.005,0,0,0,85.0,1.4356840900871513,2,0.9385536330601212
1.005,0,0,0,90.0,1.6390889538373157,2,0.956478095610084
1.005,0,0,0,95.0,1.9505044745337785,2,0.9761263045338444
1.005,0,0,0,99.0,2.550852099747557,2,0.9943526848726024
1.005,0,0,0,99.73,2.910939788924773,2,0.9972814905158912
2.0,0,0,0,40.0,0.7136710075893296,2,0.9054891757583304
2.0,0,0,0,45.0,0.7720770233813731,2,0.9167407517572512
2.0,0,0,0,50.0,0.8312243946076805,2,0.9278485732468014
2.0,0,0,0,60.0,0.9560154101942512,2,0.9472985331315174
2.0,0,0,0,70.0,1.0965625456644277,2,0.9610949129479756
2.0,0,0,0,75.0,1.1768665419525968,2,0.9684822966578412
2.0,0,0,0,80.0,1.2685392387596937,2,0.9748600991698532
2.0,0,0,0,82.13,1.311924023279313,2,0.9770636797595604
2.0,0,0,0,85.0,1.3774017514480514,2,0.980434654983198
2.0,0,0,0,90.0,1.5166397768505444,2,0.9847683310447598
2.0,0,0,0,95.0,1.7287124264695974,2,0.9890500479155978
2.0,0,0,0,99.0,2.13035339338767,2,0.996882243573634
2.0,0,0,0,99.73,2.362685573498519,2,0.998846339138991
2.0018,0,0,0,60.0,0.9563860894946592,20,0.9146919588287036
2.0018,0,0,0,70.0,1.0958955805542745,20,0.9381209379528666
2.0018,0,0,0,75.0,1.176020836797154,20,0.9496475407814556
2.0018,0,0,0,80.0,1.266754653166246,20,0.9610547066042714
2.0018,0,0,0,82.13,1.309766675217768,20,0.9655080586169048
2.0018,0,0,0,85.0,1.375492178556398,20,0.9712851404130748
2.0018,0,0,0,90.0,1.5153249269984508,20,0.9802106708186596
2.0018,0,0,0,95.0,1.7279482049853203,20,0.989035014661202
2.0018,0,0,0,99.0,2.1316085810792536,20,0.9982220465021524
2.0018,0,0,0,99.73,2.3721434530550205,20,0.9994801623222128
2.5000000000000004,0,0,0,25.0,0.6516081673372747,5,0.9017296560033332
2.5000000000000004,0,0,0,30.0,0.6975086267440187,5,0.908068592568025
2.5000000000000004,0,0,0,35.0,0.7423885257700678,5,0.9147928732710704
2.5000000000000004,0,0,0,40.0,0.786748092991963,5,0.922058381420486
2.5000000000000004,0,0,0,45.0,0.8315703969993768,5,0.9292436846326834
2.5000000000000004,0,0,0,50.0,0.8770874341661066,5,0.9359128823728244
2.5000000000000004,0,0,0,60.0,0.9755536275964328,5,0.9484254200181936
2.5000000000000004,0,0,0,70.0,1.0881683884962092,5,0.9617892966072084
2.5000000000000004,0,0,0,75.0,1.152658435477593,5,0.9684431471073632
2.5000000000000004,0,0,0,80.0,1.2277075749421589,5,0.9748602941170944
2.5000000000000004,0,0,0,82.13,1.2633527031734737,5,0.977441322703508
2.5000000000000004,0,0,0,85.0,1.3178421452264586,5,0.9808734274678252
2.5000000000000004,0,0,0,90.0,1.4344438624768583,5,0.9867106383970616
2.5000000000000004,0,0,0,95.0,1.615389449273588,5,0.9932250029550294
2.5000000000000004,0,0,0,99.0,1.967257674290916,5,0.9991502174463656
2.5000000000000004,0,0,0,99.73,2.1803323142641062,5,0.9994379374851028
5.0,0,0,0,5.0,0.4777014841818796,5,0.912791201077777
5.0,0,0,0,10.0,0.5669120579663018,5,0.9195298816308516
5.0,0,0,0,15.0,0.6311511109068174,5,0.9255816571204432
5.0,0,0,0,20.0,0.6838502468533202,5,0.932146144997168
5.0,0,0,0,25.0,0.7307121141026168,5,0.938083684618202
5.0,0,0,0,30.0,0.7739019120316712,5,0.9432537721950462
5.0,0,0,0,35.0,0.8148569554741374,5,0.948468159764596
5.0,0,0,0,40.0,0.8545767775476525,5,0.9536361064509896
5.0,0,0,0,45.0,0.8937058581874302,5,0.9586581495894988
5.0,0,0,0,50.0,0.9325177435708892,5,0.9636912815422956
5.0,0,0,0,60.0,1.012428612466137,5,0.97359297075174
5.0,0,0,0,70.0,1.1008523421078995,5,0.9820589069077208
5.0,0,0,0,75.0,1.1506794216191158,5,0.9857936260971212
5.0,0,0,0,80.0,1.206543317630127,5,0.9896613777334514
5.0,0,0,0,82.13,1.232792342121965,5,0.9912084276591384
5.0,0,0,0,85.0,1.2731954566370776,5,0.9930177008077576
5.0,0,0,0,90.0,1.358022702271052,5,0.9961563941263848
5.0,0,0,0,95.0,1.4854761241452166,5,0.9982125429543371
5.0,0,0,0,99.0,1.7285340174294228,5,0.999809040988556
5.0,0,0,0,99.73,1.876513508461536,5,0.9996665903588488
5.004500000000001,0,0,0,5.0,0.478100286259484,50,0.923674595356612
5.004500000000001,0,0,0,10.0,0.5671279909615828,50,0.9302919593820116
5.004500000000001,0,0,0,15.0,0.6312695757837279,50,0.9356662636160024
5.004500000000001,0,0,0,20.0,0.6843897748085399,50,0.9414553827069196
5.004500000000001,0,0,0,25.0,0.7313993114673945,50,0.947566385869544
5.004500000000001,0,0,0,30.0,0.7744989233487091,50,0.9534545550035136
5.004500000000001,0,0,0,35.0,0.8153187145783753,50,0.9587466139109324
5.004500000000001,0,0,0,40.0,0.8553218838126015,50,0.9633211607831306
5.004500000000001,0,0,0,45.0,0.8942829058962679,50,0.9678255056424032
5.004500000000001,0,0,0,50.0,0.933069092424877,50,0.9721635594878324
5.004500000000001,0,0,0,60.0,1.0132859317390932,50,0.9805089735383656
5.004500000000001,0,0,0,70.0,1.1008754562217409,50,0.9875759741322148
5.004500000000001,0,0,0,75.0,1.1507205465452732,50,0.9904487560152636
5.004500000000001,0,0,0,80.0,1.2065535142962194,50,0.993115996791992
5.004500000000001,0,0,0,82.13,1.232598262022777,50,0.9940593375222644
5.004500000000001,0,0,0,85.0,1.2725186346907154,50,0.9950860444162092
5.004500000000001,0,0,0,90.0,1.357691337340041,50,0.9971240851639364
5.004500000000001,0,0,0,95.0,1.485035952939696,50,0.9985931566251822
5.004500000000001,0,0,0,99.0,1.7274733213676507,50,0.9995447198886754
5.004500000000001,0,0,0,99.73,1.8687670224023225,50,0.9995087073674148
5.005,0,0,0,5.0,0.4775665200939768,10,0.9091294973453716
5.005,0,0,0,10.0,0.5671067605906389,10,0.9170776509756648
5.005,0,0,0,15.0,0.6313748770505845,10,0.9232434554140574
5.005,0,0,0,20.0,0.6839465698512968,10,0.9295484374260804
5.005,0,0,0,25.0,0.7309291904622429,10,0.9354013187154326
5.005,0,0,0,30.0,0.7741554258689582,10,0.9413655270495772
5.005,0,0,0,35.0,0.8149093180548213,10,0.9470167070148136
5.005,0,0,0,40.0,0.854390212674931,10,0.9525735917508462
5.005,0,0,0,45.0,0.893509912818564,10,0.958014292347554
5.005,0,0,0,50.0,0.9322866049765304,10,0.9632418970833596
5.005,0,0,0,60.0,1.012219137632374,10,0.9727868684966674
5.005,0,0,0,70.0,1.1005290678052393,10,0.9814147741816408
5.005,0,0,0,75.0,1.1503571558926489,10,0.985298778423335
5.005,0,0,0,80.0,1.2066976410296055,10,0.9888835517624742
5.005,0,0,0,82.13,1.2330095053307586,10,0.990264813901113
5.005,0,0,0,85.0,1.2730609875070582,10,0.9922604087545044
5.005,0,0,0,90.0,1.3578968009431562,10,0.9959433073140967
5.005,0,0,0,95.0,1.4860937880180831,10,0.9984046894641592
5.005,0,0,0,99.0,1.730472942714574,10,0.99977031849706
5.005,0,0,0,99.73,1.873397688507424,10,0.999888644211494
10.000000000000002,0,0,0,5.0,0.6273158420772217,10,0.9563048327753878
10.000000000000002,0,0,0,10.0,0.6974283302736254,10,0.9600705290577056
10.000000000000002,0,0,0,15.0,0.7461209652533993,10,0.9631849839554368
10.000000000000002,0,0,0,20.0,0.7856501523712055,10,0.966053532708151
10.000000000000002,0,0,0,25.0,0.8203039616242531,10,0.968601024700832
10.000000000000002,0,0,0,30.0,0.8520720079800645,10,0.971169551936124
10.000000000000002,0,0,0,35.0,0.8818399359424554,10,0.9737779516960238
10.000000000000002,0,0,0,40.0,0.9105909044533252,10,0.9763193079074022
10.000000000000002,0,0,0,45.0,0.9385411321267382,10,0.978922095562388
10.000000000000002,0,0,0,50.0,0.966363659327694,10,0.9814012551328452
10.000000000000002,0,0,0,60.0,1.0232784694139143,10,0.9860773562852988
10.000000000000002,0,0,0,70.0,1.084958611093174,10,0.990163504348596
10.000000000000002,0,0,0,75.0,1.1196927254932527,10,0.992098055253028
10.000000000000002,0,0,0,80.0,1.158801951652531,10,0.9939428974610024
10.000000000000002,0,0,0,82.13,1.1770416911009651,10,0.9946360553207032
10.000000000000002,0,0,0,85.0,1.20468410351848,10,0.9956302790717608
10.000000000000002,0,0,0,90.0,1.263203761745587,10,0.9971588687144084
10.000000000000002,0,0,0,95.0,1.3508407343970152,10,0.9988499024477774
10.000000000000002,0,0,0,99.0,1.5170164207336103,10,0.9997728313024724
10.000000000000002,0,0,0,99.73,1.6157835216687984,10,0.9998400477673212
10.005000000000004,0,0,0,5.0,0.6268630589920906,20,0.9572481594368512
10.005000000000004,0,0,0,10.0,0.6970214994675167,20,0.9615868617596148
10.005000000000004,0,0,0,15.0,0.7460535269817726,20,0.9655062710031884
10.005000000000004,0,0,0,20.0,0.785809115997056,20,0.9691408412684008
10.005000000000004,0,0,0,25.0,0.8202514527714689,20,0.9725235896949392
10.005000000000004,0,0,0,30.0,0.8519114433127316,20,0.975698214863366
10.005000000000004,0,0,0,35.0,0.8816108344931973,20,0.978521145466879
10.005000000000004,0,0,0,40.0,0.9103289245675888,20,0.9810949081225452
10.005000000000004,0,0,0,45.0,0.9382769353859274,20,0.9835005733884602
10.005000000000004,0,0,0,50.0,0.9659031415469452,20,0.9857366472154466
10.005000000000004,0,0,0,60.0,1.022780506960406,20,0.9898201256504972
10.005000000000004,0,0,0,70.0,1.0849099188703522,20,0.9935889488604271
10.005000000000004,0,0,0,75.0,1.1197141158960202,20,0.9952736395132088
10.005000000000004,0,0,0,80.0,1.15888444315583,20,0.9968077903871756
10.005000000000004,0,0,0,82.13,1.1772613618397472,20,0.9973156413686204
10.005000000000004,0,0,0,85.0,1.205179314632275,20,0.9980369956162616
10.005000000000004,0,0,0,90.0,1.2639824621674274,20,0.999130472237422
10.005000000000004,0,0,0,95.0,1.351790152615058,20,0.9999262425791868
10.005000000000004,0,0,0,99.0,1.5179669330358236,20,0.9997098979690708
10.005000000000004,0,0,0,99.73,1.6172717420169302,20,0.9998218716421802
10.009000000000002,0,0,0,5.0,0.6275217254343483,100,0.9579262330445224
10.009000000000002,0,0,0,10.0,0.6974946291473653,100,0.9611249075637632
10.009000000000002,0,0,0,15.0,0.7463276614606973,100,0.9642789115061564
10.009000000000002,0,0,0,20.0,0.786369661574147,100,0.9672854882870602
10.009000000000002,0,0,0,25.0,0.8209648573761943,100,0.9704559577816184
10.009000000000002,0,0,0,30.0,0.852245523210827,100,0.9734293606139756
10.009000000000002,0,0,0,35.0,0.8819815626074666,100,0.9760405340145528
10.009000000000002,0,0,0,40.0,0.9105409562515786,100,0.978585016789254
10.009000000000002,0,0,0,45.0,0.9385965117353172,100,0.9810122393466734
10.009000000000002,0,0,0,50.0,0.9662554868694062,100,0.9834560916428297
10.009000000000002,0,0,0,60.0,1.0230153829055717,100,0.9881436552960589
10.009000000000002,0,0,0,70.0,1.0849721145582922,100,0.9919345643019264
10.009000000000002,0,0,0,75.0,1.119732219477165,100,0.9938162590493832
10.009000000000002,0,0,0,80.0,1.1587181809527076,100,0.9954135706887124
10.009000000000002,0,0,0,82.13,1.177013464893406,100,0.996063997928006
10.009000000000002,0,0,0,85.0,1.204946913364767,100,0.9969275650368554
10.009000000000002,0,0,0,90.0,1.263407661704493,100,0.998188818968938
10.009000000000002,0,0,0,95.0,1.3515983137790462,100,0.9991897801513664
10.009000000000002,0,0,0,99.0,1.5174100020506422,100,0.9997275314182578
10.009000000000002,0,0,0,99.73,1.614697631301153,100,0.9999461241768354
20.000000000000004,0,0,0,5.0,0.7359822529144497,20,0.9788682069845626
20.000000000000004,0,0,0,10.0,0.7885268054119207,20,0.9808905292016976
20.000000000000004,0,0,0,15.0,0.824584301829996,20,0.9827305719436776
20.000000000000004,0,0,0,20.0,0.8535161846040853,20,0.9844031579568158
20.000000000000004,0,0,0,25.0,0.8786125429508302,20,0.9859225518279592
20.000000000000004,0,0,0,30.0,0.901524126592544,20,0.9874113804797984
20.000000000000004,0,0,0,35.0,0.9229863172470648,20,0.9887697445180896
20.000000000000004,0,0,0,40.0,0.9433864248000192,20,0.9899758894410506
20.000000000000004,0,0,0,45.0,0.963332949738074,20,0.9910272849227372
20.000000000000004,0,0,0,50.0,0.9829710635457032,20,0.9920665502116854
20.000000000000004,0,0,0,60.0,1.0234396707239852,20,0.993962547269096
20.000000000000004,0,0,0,70.0,1.0673427953777537,20,0.9958270134111676
20.000000000000004,0,0,0,75.0,1.091583029793208,20,0.9966390024078448
20.000000000000004,0,0,0,80.0,1.1187855258638155,20,0.9974065892223866
20.000000000000004,0,0,0,82.13,1.13155107853357,20,0.9977437303800444
20.000000000000004,0,0,0,85.0,1.1506801894641594,20,0.9981750409807352
20.000000000000004,0,0,0,90.0,1.1915019959625603,20,0.9988781271497014
20.000000000000004,0,0,0,95.0,1.2524210691741005,20,0.9995468805396688
20.000000000000004,0,0,0,99.0,1.3685049779392136,20,0.9999023967093144
20.000000000000004,0,0,0,99.73,1.4360054213318614,20,0.9999730630212648
25.005,0,0,0,5.0,0.7638320472867557,50,0.9826911574754564
25.005,0,0,0,10.0,0.8115216148341099,50,0.9839493776915648
25.005,0,0,0,15.0,0.8440622779970465,50,0.9852224225991574
25.005,0,0,0,20.0,0.8702417812452592,50,0.9864942302869564
25.005,0,0,0,25.0,0.893060297479571,50,0.9876677400057272
25.005,0,0,0,30.0,0.913533892828186,50,0.9887656602608574
25.005,0,0,0,35.0,0.9327570680089582,50,0.9898708468302811
25.005,0,0,0,40.0,0.951083473829233,50,0.990976298318996
25.005,0,0,0,45.0,0.968896777671562,50,0.9920315905295544
25.005,0,0,0,50.0,0.9865659473010006,50,0.993101857690276
25.005,0,0,0,60.0,1.022629397552337,50,0.9949950289294152
25.005,0,0,0,70.0,1.0615460970193509,50,0.99673619711785
25.005,0,0,0,75.0,1.08321794892124,50,0.9974727065954692
25.005,0,0,0,80.0,1.1075383925599656,50,0.9981580875103936
25.005,0,0,0,82.13,1.1188693990346112,50,0.9984216621389354
25.005,0,0,0,85.0,1.1361125573654227,50,0.998785551446888
25.005,0,0,0,90.0,1.1723656068242967,50,0.9993270950056696
25.005,0,0,0,95.0,1.2263377987937052,50,0.9997172207765184
25.005,0,0,0,99.0,1.3276204709242063,50,0.999941542627964
25.005,0,0,0,99.73,1.3878035099838442,50,0.9999520675042164
50.0,0,0,0,5.0,0.8332131128317357,50,0.9927160288975648
50.0,0,0,0,10.0,0.8676926921190073,50,0.9934698866237994
50.0,0,0,0,15.0,0.8913690203371688,50,0.9941462098612748
50.0,0,0,0,20.0,0.9103181187413978,50,0.9947701511055272
50.0,0,0,0,25.0,0.9266431683712624,50,0.9953059625196912
50.0,0,0,0,30.0,0.941316770407195,50,0.9958233701462788
50.0,0,0,0,35.0,0.9549786995802132,50,0.9963206241391954
50.0,0,0,0,40.0,0.9680150352562796,50,0.9967805254087172
50.0,0,0,0,45.0,0.980715971890408,50,0.9971828181286164
50.0,0,0,0,50.0,0.9932028677515474,50,0.997591165430268
50.0,0,0,0,60.0,1.018498657337355,50,0.9983958623764416
50.0,0,0,0,70.0,1.0460775707922876,50,0.9990592176877594
50.0,0,0,0,75.0,1.0614210187819726,50,0.9993495011756895
50.0,0,0,0,80.0,1.0784388001819525,50,0.999592085640352
50.0,0,0,0,82.13,1.086365754946285,50,0.9996759355178816
50.0,0,0,0,85.0,1.0985186181728797,50,0.9997659976338618
50.0,0,0,0,90.0,1.123859220752554,50,0.999883672057427
50.0,0,0,0,95.0,1.1615564103392535,50,0.999985851516148
50.0,0,0,0,99.0,1.232121593810236,50,1.000024997786324
50.0,0,0,0,99.73,1.2725739992714389,50,0.9999863039559774
50.005,0,0,0,5.0,0.8332540097622639,100,0.991171158540956
50.005,0,0,0,10.0,0.8677943051975534,100,0.9919303829879604
50.005,0,0,0,15.0,0.8914748790887237,100,0.9926180767633104
50.005,0,0,0,20.0,0.9103091103673532,100,0.99328976581076
50.005,0,0,0,25.0,0.9265780449292385,100,0.9939047039750756
50.005,0,0,0,30.0,0.9411922033509426,100,0.9944436805252992
50.005,0,0,0,35.0,0.9547777469075656,100,0.9949456256337468
50.005,0,0,0,40.0,0.9678934427476212,100,0.9954116649873412
50.005,0,0,0,45.0,0.9805117211191474,100,0.995890591138492
50.005,0,0,0,50.0,0.9930801835858496,100,0.9963355745616496
50.005,0,0,0,60.0,1.0183867631050283,100,0.9972081215222748
50.005,0,0,0,70.0,1.045859374377924,100,0.9979879009852742
50.005,0,0,0,75.0,1.061132582231889,100,0.9982952394494732
50.005,0,0,0,80.0,1.0782492054354431,100,0.9986126613471696
50.005,0,0,0,82.13,1.0863015123999629,100,0.9987527919563304
50.005,0,0,0,85.0,1.0983275104937802,100,0.9989634768070528
50.005,0,0,0,90.0,1.1236657490544686,100,0.9993574874555516
50.005,0,0,0,95.0,1.1614778226262052,100,0.9997253220153904
50.005,0,0,0,99.0,1.2321867443081995,100,0.9999886779324156
50.005,0,0,0,99.73,1.2733413029396543,100,0.9999983227235076
50.045,0,0,0,5.0,0.8334611998631326,500,0.9894786633437044
50.045,0,0,0,10.0,0.8681263053594264,500,0.990406437815805
50.045,0,0,0,15.0,0.8914926346157653,500,0.9912394362338072
50.045,0,0,0,20.0,0.9104085513320216,500,0.9920311892316388
50.045,0,0,0,25.0,0.9265402960303232,500,0.9927702176494264
50.045,0,0,0,30.0,0.9411483724767626,500,0.993463272492768
50.045,0,0,0,35.0,0.9548746727032084,500,0.9941031457916074
50.045,0,0,0,40.0,0.967860361166512,500,0.9947257419381492
50.045,0,0,0,45.0,0.9805251983735775,500,0.9952928028974416
50.045,0,0,0,50.0,0.9930606969380142,500,0.9958572133359894
50.045,0,0,0,60.0,1.018466249717216,500,0.9969698658335028
50.045,0,0,0,70.0,1.0457923907000923,500,0.9979722517404876
50.045,0,0,0,75.0,1.060984536646908,500,0.998413652884774
50.045,0,0,0,80.0,1.0780545820214031,500,0.9988592682060724
50.045,0,0,0,82.13,1.0859449488627573,500,0.9990661207577056
50.045,0,0,0,85.0,1.0979875731136903,500,0.9992989576525252
50.045,0,0,0,90.0,1.123244451426367,500,0.99965666266458
50.045,0,0,0,95.0,1.161198747012685,500,0.9998788977967598
50.045,0,0,0,99.0,1.2324399695258492,500,1.0000141021806477
50.045,0,0,0,99.73,1.2736671052541308,500,0.9999941589176774
100.00000000000004,0,0,0,5.0,0.882512359215867,100,0.9951119908398108
100.00000000000004,0,0,0,10.0,0.9074227165646483,100,0.9955328384547611
100.00000000000004,0,0,0,15.0,0.9243174661582936,100,0.9959091277017889
100.00000000000004,0,0,0,20.0,0.9377527174820794,100,0.9962685065200136
100.00000000000004,0,0,0,25.0,0.9493719259319352,100,0.996592621048895
100.00000000000004,0,0,0,30.0,0.9597750520112744,100,0.9969044024163832
100.00000000000004,0,0,0,35.0,0.9695519716060184,100,0.9972030475877256
100.00000000000004,0,0,0,40.0,0.9788015859501698,100,0.997501103393038
100.00000000000004,0,0,0,45.0,0.9877717062096012,100,0.9977834392910856
100.00000000000004,0,0,0,50.0,0.9966349265853296,100,0.9980549007999776
100.00000000000004,0,0,0,60.0,1.0145797588879744,100,0.9985601611535424
100.00000000000004,0,0,0,70.0,1.0339771320558004,100,0.9990119573533696
100.00000000000004,0,0,0,75.0,1.044726245897032,100,0.9992134508561
100.00000000000004,0,0,0,80.0,1.056679409595695,100,0.9993927205254698
100.00000000000004,0,0,0,82.13,1.062208776952779,100,0.9994611216784982
100.00000000000004,0,0,0,85.0,1.07067203747328,100,0.9995577529751474
100.00000000000004,0,0,0,90.0,1.0884438685079234,100,0.9996992831853116
100.00000000000004,0,0,0,95.0,1.114621018743136,100,0.9998315046104276
100.00000000000004,0,0,0,99.0,1.1634623197486915,100,0.9999588657890528
100.00000000000004,0,0,0,99.73,1.192543269594266,100,0.9999832794802556
250.0050000000001,0,0,0,5.0,0.9258806014767168,500,0.9980014525916014
250.0050000000001,0,0,0,10.0,0.941718851761254,500,0.9981638577375898
250.0050000000001,0,0,0,15.0,0.9525472551476872,500,0.9982883804672203
250.0050000000001,0,0,0,20.0,0.9611536788110572,500,0.998420441018124
250.0050000000001,0,0,0,25.0,0.968526250851826,500,0.99856380036645
250.0050000000001,0,0,0,30.0,0.9751567799868648,500,0.9987097725358304
250.0050000000001,0,0,0,35.0,0.98136217182929,500,0.9988503814200426
250.0050000000001,0,0,0,40.0,0.9872339123939612,500,0.998983640513177
250.0050000000001,0,0,0,45.0,0.9928716709906988,500,0.999110257562259
250.0050000000001,0,0,0,50.0,0.9985021049831526,500,0.999227187379092
250.0050000000001,0,0,0,60.0,1.009894603257158,500,0.9994429127273792
250.0050000000001,0,0,0,70.0,1.022048600076367,500,0.9996337943800654
250.0050000000001,0,0,0,75.0,1.0288856078166917,500,0.999714625601986
250.0050000000001,0,0,0,80.0,1.0364380539631035,500,0.9997831062026684
250.0050000000001,0,0,0,82.13,1.0399451671183642,500,0.9998113261185014
250.0050000000001,0,0,0,85.0,1.0452012605523382,500,0.9998554941757964
250.0050000000001,0,0,0,90.0,1.0563692061341845,500,0.9999251033145048
250.0050000000001,0,0,0,95.0,1.072974456885584,500,0.999969952211259
250.0050000000001,0,0,0,99.0,1.1035089289800453,500,0.9999913566971748
250.0050000000001,0,0,0,99.73,1.121341188201107,500,1.0000071520435871
500.00000000000017,0,0,0,5.0,0.9476600590841586,500,0.9990475449079854
500.00000000000017,0,0,0,10.0,0.9590251857812564,500,0.9991262593635192
500.00000000000017,0,0,0,15.0,0.9666744457126286,500,0.9992033661866884
500.00000000000017,0,0,0,20.0,0.972819645145233,500,0.9992754679157106
500.00000000000017,0,0,0,25.0,0.9780565104523772,500,0.999347809617385
500.00000000000017,0,0,0,30.0,0.9827877515645796,500,0.9994166027312682
500.00000000000017,0,0,0,35.0,0.9871593601388992,500,0.9994818757714724
500.00000000000017,0,0,0,40.0,0.991323669684859,500,0.9995422711766844
500.00000000000017,0,0,0,45.0,0.9953429868727282,500,0.9995993516808704
500.00000000000017,0,0,0,50.0,0.9993114606659504,500,0.9996552495369404
500.00000000000017,0,0,0,60.0,1.0073377278529474,500,0.9997515764984676
500.00000000000017,0,0,0,70.0,1.015908421744575,500,0.9998370759042778
500.00000000000017,0,0,0,75.0,1.0206945938847185,500,0.9998776541525668
500.00000000000017,0,0,0,80.0,1.0260173608509562,500,0.9999143766922108
500.00000000000017,0,0,0,82.13,1.0284629090670168,500,0.9999291411830076
500.00000000000017,0,0,0,85.0,1.0321487507084115,500,0.9999490960548038
500.00000000000017,0,0,0,90.0,1.039947992327238,500,0.999976375961962
500.00000000000017,0,0,0,95.0,1.0515251158798076,500,0.9999929196589028
500.00000000000017,0,0,0,99.0,1.0730661280607292,500,0.9999964158947884
500.00000000000017,0,0,0,99.73,1.0859471086092072,500,0.9999976109971872
1.0001,1,0,1,75.0,1.1499964662377813,2,0.9032772049120936
1.0001,1,0,1,80.0,1.281039594267397,2,0.9242994143862744
1.0001,1,0,1,82.13,1.3429976371494652,2,0.932763574357474
1.0001,1,0,1,85.0,1.437859894924119,2,0.9433605792004648
1.0001,1,0,1,90.0,1.6432295277884064,2,0.9627110286675996
1.0001,1,0,1,95.0,1.9563421362056008,2,0.9817119239100632
1.0001,1,0,1,99.0,2.564177923912436,2,0.9971516973126056
1.0001,1,0,1,99.73,2.919331987407054,2,0.9993369675971846
1.0004,1,0,1,80.0,1.281571027616961,5,0.9162799403734444
1.0004,1,0,1,82.13,1.3435783133144803,5,0.9241839504430608
1.0004,1,0,1,85.0,1.438948972073098,5,0.934406602615772
1.0004,1,0,1,90.0,1.6444632190148132,5,0.9561982597085265
1.0004,1,0,1,95.0,1.956603523720733,5,0.9780330565951056
1.0004,1,0,1,99.0,2.5581542922985188,5,0.9906275630051828
1.0004,1,0,1,99.73,2.921735369154933,5,0.9950655391814256
1.0009,1,0,1,60.0,0.8410483283985927,10,0.9143041606068928
1.0009,1,0,1,70.0,1.0351345591150896,10,0.9566169630744084
1.0009,1,0,1,75.0,1.149029995178402,10,0.9710924427368376
1.0009,1,0,1,80.0,1.2800833571485304,10,0.9815335685371022
1.0009,1,0,1,82.13,1.3422062993174106,10,0.9852352309467874
1.0009,1,0,1,85.0,1.4386060060944772,10,0.9921000790454338
1.0009,1,0,1,90.0,1.6420962958321774,10,0.9997221938240328
1.0009,1,0,1,95.0,1.95545338690569,10,1.004595618095698
1.0009,1,0,1,99.0,2.562325576909457,10,1.0007314140937322
1.0009,1,0,1,99.73,2.926443476836139,10,0.9999084760042188
1.005,1,0,1,75.0,1.147086627899878,2,0.9091747197182456
1.005,1,0,1,80.0,1.2775928675242576,2,0.9238873326140096
1.005,1,0,1,82.13,1.339679398826395,2,0.9295791554641936
1.005,1,0,1,85.0,1.4356840900871513,2,0.9385751159414772
1.005,1,0,1,90.0,1.6390889538373152,2,0.9564961624268278
1.005,1,0,1,95.0,1.9505044745337785,2,0.9761381532875704
1.005,1,0,1,99.0,2.550852099747557,2,0.9943546752545576
1.005,1,0,1,99.73,2.910939788924773,2,0.9972826201456
2.0,1,0,1,40.0,0.7136710075893291,2,0.9056149003272548
2.0,1,0,1,45.0,0.7720770233813727,2,0.91687763638561
2.0,1,0,1,50.0,0.8312243946076803,2,0.927984898509144
2.0,1,0,1,60.0,0.9560154101942512,2,0.9474208056211194
2.0,1,0,1,70.0,1.0965625456644277,2,0.9611903590714396
2.0,1,0,1,75.0,1.1768665419525963,2,0.9685605083779928
2.0,1,0,1,80.0,1.2685392387596934,2,0.9749195593119068
2.0,1,0,1,82.13,1.3119240232793128,2,0.9771189002383956
2.0,1,0,1,85.0,1.3774017514480512,2,0.9804764352683324
2.0,1,0,1,90.0,1.5166397768505442,2,0.9848097848391296
2.0,1,0,1,95.0,1.7287124264695974,2,0.9890790973167332
2.0,1,0,1,99.0,2.13035339338767,2,0.9968894365795076
2.0,1,0,1,99.73,2.3626855734985184,2,0.9988453818981275
2.0018,1,0,1,60.0,0.9563860894946588,20,0.9148210825464028
2.0018,1,0,1,70.0,1.0958955805542745,20,0.9382335874280514
2.0018,1,0,1,75.0,1.176020836797154,20,0.9497519477460796
2.0018,1,0,1,80.0,1.2667546531662457,20,0.9611484668109532
2.0018,1,0,1,82.13,1.3097666752177677,20,0.9655952656026952
2.0018,1,0,1,85.0,1.3754921785563978,20,0.9713626006469795
2.0018,1,0,1,90.0,1.5153249269984503,20,0.9802696636490112
2.0018,1,0,1,95.0,1.7279482049853203,20,0.9890732618082204
2.0018,1,0,1,99.0,2.1316085810792536,20,0.998229740047244
2.0018,1,0,1,99.73,2.3721434530550205,20,0.99947532526396
2.5000000000000004,1,0,1,25.0,0.6516081673372743,5,0.9013691633949744
2.5000000000000004,1,0,1,30.0,0.6975086267440184,5,0.907763133556005
2.5000000000000004,1,0,1,35.0,0.7423885257700674,5,0.914524911045591
2.5000000000000004,1,0,1,40.0,0.7867480929919627,5,0.9218437766417712
2.5000000000000004,1,0,1,45.0,0.8315703969993767,5,0.9290828395698848
2.5000000000000004,1,0,1,50.0,0.8770874341661062,5,0.9357945161533792
2.5000000000000004,1,0,1,60.0,0.9755536275964324,5,0.9483667089350856
2.5000000000000004,1,0,1,70.0,1.088168388496209,5,0.9617843873248012
2.5000000000000004,1,0,1,75.0,1.1526584354775926,5,0.9684714722043825
2.5000000000000004,1,0,1,80.0,1.2277075749421589,5,0.9749007708141968
2.5000000000000004,1,0,1,82.13,1.2633527031734733,5,0.9774848938796392
2.5000000000000004,1,0,1,85.0,1.3178421452264584,5,0.9809192821034634
2.5000000000000004,1,0,1,90.0,1.4344438624768583,5,0.9867600490035582
2.5000000000000004,1,0,1,95.0,1.6153894492735876,5,0.9932606896119628
2.5000000000000004,1,0,1,99.0,1.967257674290916,5,0.9991528032510804
2.5000000000000004,1,0,1,99.73,2.1803323142641062,5,0.9994353864142168
5.0,1,0,1,5.0,0.4777014841818789,5,0.9128713918073168
5.0,1,0,1,10.0,0.5669120579663013,5,0.9196232225887044
5.0,1,0,1,15.0,0.631151110906817,5,0.9256726073246492
5.0,1,0,1,20.0,0.6838502468533195,5,0.9322384377337776
5.0,1,0,1,25.0,0.7307121141026165,5,0.9381750266468374
5.0,1,0,1,30.0,0.7739019120316709,5,0.9433483480060044
5.0,1,0,1,35.0,0.8148569554741371,5,0.9485520128469596
5.0,1,0,1,40.0,0.8545767775476522,5,0.9537169462974668
5.0,1,0,1,45.0,0.8937058581874298,5,0.9587297657994096
5.0,1,0,1,50.0,0.932517743570889,5,0.9637578415786856
5.0,1,0,1,60.0,1.0124286124661368,5,0.9736555319270792
5.0,1,0,1,70.0,1.1008523421078993,5,0.9821015491145294
5.0,1,0,1,75.0,1.1506794216191154,5,0.9858291720044572
5.0,1,0,1,80.0,1.206543317630127,5,0.9896897226506468
5.0,1,0,1,82.13,1.232792342121965,5,0.9912297582308828
5.0,1,0,1,85.0,1.2731954566370776,5,0.993037993997922
5.0,1,0,1,90.0,1.3580227022710518,5,0.9961699887980148
5.0,1,0,1,95.0,1.4854761241452163,5,0.9982192575704678
5.0,1,0,1,99.0,1.7285340174294228,5,0.9998080645886616
5.0,1,0,1,99.73,1.8765135084615356,5,0.9996616565721532
5.004500000000001,1,0,1,5.0,0.4781002862594836,50,0.9237471520379104
5.004500000000001,1,0,1,10.0,0.5671279909615823,50,0.9303596794259498
5.004500000000001,1,0,1,15.0,0.6312695757837274,50,0.9357386416314528
5.004500000000001,1,0,1,20.0,0.6843897748085395,50,0.9415178975602936
5.004500000000001,1,0,1,25.0,0.7313993114673942,50,0.9476218072392428
5.004500000000001,1,0,1,30.0,0.7744989233487088,50,0.9535083785123634
5.004500000000001,1,0,1,35.0,0.8153187145783749,50,0.9588057554223038
5.004500000000001,1,0,1,40.0,0.8553218838126013,50,0.9633813780051144
5.004500000000001,1,0,1,45.0,0.8942829058962679,50,0.9678741768623716
5.004500000000001,1,0,1,50.0,0.9330690924248768,50,0.972216686797402
5.004500000000001,1,0,1,60.0,1.013285931739093,50,0.9805409267632752
5.004500000000001,1,0,1,70.0,1.1008754562217409,50,0.987601145174522
5.004500000000001,1,0,1,75.0,1.1507205465452728,50,0.9904834395241516
5.004500000000001,1,0,1,80.0,1.206553514296219,50,0.9931402798652506
5.004500000000001,1,0,1,82.13,1.232598262022777,50,0.9940801911310496
5.004500000000001,1,0,1,85.0,1.2725186346907151,50,0.99511340471491
5.004500000000001,1,0,1,90.0,1.3576913373400408,50,0.9971396621853332
5.004500000000001,1,0,1,95.0,1.4850359529396957,50,0.9985953837343292
5.004500000000001,1,0,1,99.0,1.7274733213676507,50,0.9995418709620216
5.004500000000001,1,0,1,99.73,1.8687670224023225,50,0.9995053580150453
5.005,1,0,1,5.0,0.4775665200939762,10,0.9092133926426192
5.005,1,0,1,10.0,0.5671067605906385,10,0.9171567454998172
5.005,1,0,1,15.0,0.6313748770505841,10,0.923310166488114
5.005,1,0,1,20.0,0.6839465698512963,10,0.9296160732804972
5.005,1,0,1,25.0,0.7309291904622426,10,0.9354690501807628
5.005,1,0,1,30.0,0.7741554258689579,10,0.9414313208343305
5.005,1,0,1,35.0,0.8149093180548208,10,0.947081826066823
5.005,1,0,1,40.0,0.8543902126749306,10,0.952629578054341
5.005,1,0,1,45.0,0.8935099128185636,10,0.9580607423185032
5.005,1,0,1,50.0,0.93228660497653,10,0.9632820437752322
5.005,1,0,1,60.0,1.012219137632374,10,0.9728334251008244
5.005,1,0,1,70.0,1.1005290678052388,10,0.9814503684906262
5.005,1,0,1,75.0,1.1503571558926486,10,0.9853247756711476
5.005,1,0,1,80.0,1.206697641029605,10,0.9889094781865956
5.005,1,0,1,82.13,1.2330095053307586,10,0.9902922531584298
5.005,1,0,1,85.0,1.273060987507058,10,0.9922832509011932
5.005,1,0,1,90.0,1.3578968009431562,10,0.9959526630565416
5.005,1,0,1,95.0,1.486093788018083,10,0.9984071841227502
5.005,1,0,1,99.0,1.730472942714574,10,0.999765815646713
5.005,1,0,1,99.73,1.873397688507424,10,0.99988408539353
10.000000000000002,1,0,1,5.0,0.6273158420772214,10,0.9563446718081426
10.000000000000002,1,0,1,10.0,0.6974283302736248,10,0.96010855845945
10.000000000000002,1,0,1,15.0,0.7461209652533989,10,0.9632242893467924
10.000000000000002,1,0,1,20.0,0.7856501523712052,10,0.9660893395971808
10.000000000000002,1,0,1,25.0,0.8203039616242528,10,0.9686396472970612
10.000000000000002,1,0,1,30.0,0.8520720079800642,10,0.971197217873111
10.000000000000002,1,0,1,35.0,0.8818399359424552,10,0.97380946887792
10.000000000000002,1,0,1,40.0,0.910590904453325,10,0.976340107387747
10.000000000000002,1,0,1,45.0,0.9385411321267378,10,0.9789370445481718
10.000000000000002,1,0,1,50.0,0.9663636593276936,10,0.981419636781476
10.000000000000002,1,0,1,60.0,1.0232784694139143,10,0.9860904434738188
10.000000000000002,1,0,1,70.0,1.0849586110931737,10,0.9901745712868814
10.000000000000002,1,0,1,75.0,1.1196927254932525,10,0.9921091916246072
10.000000000000002,1,0,1,80.0,1.158801951652531,10,0.9939504823276916
10.000000000000002,1,0,1,82.13,1.177041691100965,10,0.9946397038834446
10.000000000000002,1,0,1,85.0,1.2046841035184797,10,0.9956325023506368
10.000000000000002,1,0,1,90.0,1.263203761745587,10,0.9971608091150422
10.000000000000002,1,0,1,95.0,1.350840734397015,10,0.998851515520379
10.000000000000002,1,0,1,99.0,1.51701642073361,10,0.9997706638584652
10.000000000000002,1,0,1,99.73,1.615783521668798,10,0.9998375771190928
10.005000000000004,1,0,1,5.0,0.6268630589920904,20,0.9573280153300832
10.005000000000004,1,0,1,10.0,0.6970214994675162,20,0.9616634717244136
10.005000000000004,1,0,1,15.0,0.7460535269817722,20,0.9655772956857752
10.005000000000004,1,0,1,20.0,0.7858091159970558,20,0.969208402390497
10.005000000000004,1,0,1,25.0,0.8202514527714686,20,0.9725862430298612
10.005000000000004,1,0,1,30.0,0.8519114433127312,20,0.9757613306012264
10.005000000000004,1,0,1,35.0,0.8816108344931971,20,0.9785791825020436
10.005000000000004,1,0,1,40.0,0.9103289245675884,20,0.9811463681526208
10.005000000000004,1,0,1,45.0,0.9382769353859272,20,0.983548520497715
10.005000000000004,1,0,1,50.0,0.9659031415469448,20,0.9857837959236234
10.005000000000004,1,0,1,60.0,1.0227805069604057,20,0.989865988198069
10.005000000000004,1,0,1,70.0,1.084909918870352,20,0.9936227725156942
10.005000000000004,1,0,1,75.0,1.1197141158960198,20,0.9952999820675076
10.005000000000004,1,0,1,80.0,1.1588844431558296,20,0.9968302108407026
10.005000000000004,1,0,1,82.13,1.1772613618397472,20,0.9973353162375632
10.005000000000004,1,0,1,85.0,1.205179314632275,20,0.9980520814825492
10.005000000000004,1,0,1,90.0,1.263982462167427,20,0.9991425181054884
10.005000000000004,1,0,1,95.0,1.3517901526150575,20,0.99993087669695
10.005000000000004,1,0,1,99.0,1.5179669330358232,20,0.9997093010035244
10.005000000000004,1,0,1,99.73,1.61727174201693,20,0.9998184475951344
10.009000000000002,1,0,1,5.0,0.6275217254343478,100,0.957965679353895
10.009000000000002,1,0,1,10.0,0.6974946291473649,100,0.9611694859368466
10.009000000000002,1,0,1,15.0,0.746327661460697,100,0.9643244441674518
10.009000000000002,1,0,1,20.0,0.7863696615741467,100,0.9673299296008288
10.009000000000002,1,0,1,25.0,0.8209648573761942,100,0.9705004985580096
10.009000000000002,1,0,1,30.0,0.8522455232108267,100,0.9734639507995506
10.009000000000002,1,0,1,35.0,0.8819815626074663,100,0.9760789330013584
10.009000000000002,1,0,1,40.0,0.9105409562515784,100,0.9786252810791656
10.009000000000002,1,0,1,45.0,0.9385965117353168,100,0.9810534036017604
10.009000000000002,1,0,1,50.0,0.9662554868694062,100,0.9834896955193522
10.009000000000002,1,0,1,60.0,1.0230153829055717,100,0.9881695007723742
10.009000000000002,1,0,1,70.0,1.084972114558292,100,0.9919548798020268
10.009000000000002,1,0,1,75.0,1.1197322194771648,100,0.993842253594964
10.009000000000002,1,0,1,80.0,1.1587181809527076,100,0.9954357191754704
10.009000000000002,1,0,1,82.13,1.1770134648934056,100,0.9960801335130288
10.009000000000002,1,0,1,85.0,1.204946913364767,100,0.9969396302445458
10.009000000000002,1,0,1,90.0,1.2634076617044925,100,0.998189409414596
10.009000000000002,1,0,1,95.0,1.351598313779046,100,0.9991883906633712
10.009000000000002,1,0,1,99.0,1.517410002050642,100,0.9997239657883272
10.009000000000002,1,0,1,99.73,1.6146976313011523,100,0.9999489396374932
20.000000000000004,1,0,1,5.0,0.7359822529144495,20,0.9789011737858004
20.000000000000004,1,0,1,10.0,0.7885268054119203,20,0.980920103818431
20.000000000000004,1,0,1,15.0,0.8245843018299958,20,0.9827593388507097
20.000000000000004,1,0,1,20.0,0.853516184604085,20,0.9844308403169162
20.000000000000004,1,0,1,25.0,0.8786125429508301,20,0.9859515919690288
20.000000000000004,1,0,1,30.0,0.9015241265925436,20,0.9874386408874852
20.000000000000004,1,0,1,35.0,0.9229863172470644,20,0.9887957610440196
20.000000000000004,1,0,1,40.0,0.9433864248000188,20,0.9900007330043528
20.000000000000004,1,0,1,45.0,0.9633329497380738,20,0.991048040477167
20.000000000000004,1,0,1,50.0,0.9829710635457032,20,0.9920857397977706
20.000000000000004,1,0,1,60.0,1.0234396707239848,20,0.9939748240624472
20.000000000000004,1,0,1,70.0,1.0673427953777537,20,0.995835948727112
20.000000000000004,1,0,1,75.0,1.091583029793208,20,0.9966491944334492
20.000000000000004,1,0,1,80.0,1.1187855258638155,20,0.9974168973632596
20.000000000000004,1,0,1,82.13,1.1315510785335698,20,0.9977537068491872
20.000000000000004,1,0,1,85.0,1.150680189464159,20,0.9981833431355694
20.000000000000004,1,0,1,90.0,1.1915019959625603,20,0.9988818784620698
20.000000000000004,1,0,1,95.0,1.2524210691741,20,0.9995479353195724
20.000000000000004,1,0,1,99.0,1.368504977939213,20,0.9999039038174262
20.000000000000004,1,0,1,99.73,1.4360054213318612,20,0.9999739932914836
25.005,1,0,1,5.0,0.7638320472867555,50,0.9827117528667448
25.005,1,0,1,10.0,0.8115216148341096,50,0.9839687817623836
25.005,1,0,1,15.0,0.8440622779970461,50,0.9852401397124316
25.005,1,0,1,20.0,0.8702417812452591,50,0.9865129732656512
25.005,1,0,1,25.0,0.8930602974795706,50,0.9876834807652548
25.005,1,0,1,30.0,0.913533892828186,50,0.9887821647972288
25.005,1,0,1,35.0,0.932757068008958,50,0.9898868961349232
25.005,1,0,1,40.0,0.9510834738292326,50,0.9909882915728658
25.005,1,0,1,45.0,0.9688967776715616,50,0.99204366318327
25.005,1,0,1,50.0,0.9865659473010004,50,0.993111521689296
25.005,1,0,1,60.0,1.0226293975523366,50,0.9950017897652744
25.005,1,0,1,70.0,1.0615460970193504,50,0.9967437320239908
25.005,1,0,1,75.0,1.0832179489212397,50,0.9974803124656966
25.005,1,0,1,80.0,1.1075383925599656,50,0.9981661055823317
25.005,1,0,1,82.13,1.118869399034611,50,0.9984275883365472
25.005,1,0,1,85.0,1.1361125573654225,50,0.9987895664243488
25.005,1,0,1,90.0,1.1723656068242967,50,0.9993301637353172
25.005,1,0,1,95.0,1.2263377987937052,50,0.999721418601415
25.005,1,0,1,99.0,1.327620470924206,50,0.9999389570383774
25.005,1,0,1,99.73,1.3878035099838442,50,0.999949611724909
50.0,1,0,1,5.0,0.8332131128317354,50,0.992729674507692
50.0,1,0,1,10.0,0.867692692119007,50,0.9934834213019392
50.0,1,0,1,15.0,0.8913690203371685,50,0.9941578264588448
50.0,1,0,1,20.0,0.9103181187413976,50,0.9947823331903188
50.0,1,0,1,25.0,0.926643168371262,50,0.9953171168562784
50.0,1,0,1,30.0,0.9413167704071946,50,0.9958331127612032
50.0,1,0,1,35.0,0.9549786995802128,50,0.996329852873009
50.0,1,0,1,40.0,0.968015035256279,50,0.9967898749104204
50.0,1,0,1,45.0,0.9807159718904076,50,0.9971911549406026
50.0,1,0,1,50.0,0.9932028677515472,50,0.9975985865592132
50.0,1,0,1,60.0,1.018498657337355,50,0.9984025177625953
50.0,1,0,1,70.0,1.0460775707922876,50,0.9990626738697552
50.0,1,0,1,75.0,1.0614210187819724,50,0.9993514204290836
50.0,1,0,1,80.0,1.0784388001819525,50,0.99959262812107
50.0,1,0,1,82.13,1.086365754946285,50,0.9996758233456025
50.0,1,0,1,85.0,1.0985186181728794,50,0.9997655461255576
50.0,1,0,1,90.0,1.123859220752554,50,0.9998826927275758
50.0,1,0,1,95.0,1.161556410339253,50,0.999985149069982
50.0,1,0,1,99.0,1.2321215938102354,50,1.000020505236695
50.0,1,0,1,99.73,1.2725739992714389,50,0.9999828845582638
50.005,1,0,1,5.0,0.8332540097622635,100,0.9911822404789946
50.005,1,0,1,10.0,0.8677943051975533,100,0.9919439733003576
50.005,1,0,1,15.0,0.8914748790887237,100,0.9926268366263294
50.005,1,0,1,20.0,0.9103091103673532,100,0.9932969340905088
50.005,1,0,1,25.0,0.926578044929238,100,0.9939174654251908
50.005,1,0,1,30.0,0.941192203350942,100,0.994457142851616
50.005,1,0,1,35.0,0.9547777469075656,100,0.9949540801943554
50.005,1,0,1,40.0,0.9678934427476212,100,0.9954191960431998
50.005,1,0,1,45.0,0.9805117211191474,100,0.9958961412820724
50.005,1,0,1,50.0,0.9930801835858492,100,0.996342093524218
50.005,1,0,1,60.0,1.0183867631050283,100,0.9972139189269752
50.005,1,0,1,70.0,1.0458593743779236,100,0.997992400190176
50.005,1,0,1,75.0,1.0611325822318889,100,0.9982993018596448
50.005,1,0,1,80.0,1.0782492054354431,100,0.9986154749740688
50.005,1,0,1,82.13,1.0863015123999626,100,0.9987540296659004
50.005,1,0,1,85.0,1.0983275104937802,100,0.9989634039784586
50.005,1,0,1,90.0,1.1236657490544684,100,0.9993568466557984
50.005,1,0,1,95.0,1.161477822626205,100,0.9997259734627284
50.005,1,0,1,99.0,1.2321867443081995,100,0.9999883776485144
50.005,1,0,1,99.73,1.2733413029396543,100,0.9999972556676212
50.045,1,0,1,5.0,0.833461199863132,500,0.9895208102175698
50.045,1,0,1,10.0,0.8681263053594259,500,0.9904063332121888
50.045,1,0,1,15.0,0.891492634615765,500,0.991252544771146
50.045,1,0,1,20.0,0.9104085513320213,500,0.9920546296095852
50.045,1,0,1,25.0,0.926540296030323,500,0.9927744793967952
50.045,1,0,1,30.0,0.9411483724767624,500,0.993457634421107
50.045,1,0,1,35.0,0.954874672703208,500,0.99408978189927
50.045,1,0,1,40.0,0.9678603611665116,500,0.994725982506112
50.045,1,0,1,45.0,0.9805251983735772,500,0.9953186881601463
50.045,1,0,1,50.0,0.993060696938014,500,0.9958831274490144
50.045,1,0,1,60.0,1.018466249717216,500,0.9969727146885003
50.045,1,0,1,70.0,1.045792390700092,500,0.997954057544404
50.045,1,0,1,75.0,1.0609845366469075,500,0.998397038952206
50.045,1,0,1,80.0,1.078054582021403,500,0.99887417937558
50.045,1,0,1,82.13,1.085944948862757,500,0.9990763583387124
50.045,1,0,1,85.0,1.09798757311369,500,0.9993126715213104
50.045,1,0,1,90.0,1.1232444514263669,500,0.9996560528719868
50.045,1,0,1,95.0,1.1611987470126846,500,0.9998749242021544
50.045,1,0,1,99.0,1.232439969525849,500,1.0000066674876549
50.045,1,0,1,99.73,1.2736671052541308,500,0.9999880504234768
100.00000000000004,1,0,1,5.0,0.8825123592158667,100,0.995116634715543
100.00000000000004,1,0,1,10.0,0.907422716564648,100,0.9955395674664232
100.00000000000004,1,0,1,15.0,0.9243174661582932,100,0.995917955409284
100.00000000000004,1,0,1,20.0,0.9377527174820792,100,0.9962737051180924
100.00000000000004,1,0,1,25.0,0.9493719259319348,100,0.996596616494638
100.00000000000004,1,0,1,30.0,0.959775052011274,100,0.9969073352021434
100.00000000000004,1,0,1,35.0,0.9695519716060182,100,0.99720892662239
100.00000000000004,1,0,1,40.0,0.9788015859501696,100,0.997506399964198
100.00000000000004,1,0,1,45.0,0.987771706209601,100,0.9977893879252524
100.00000000000004,1,0,1,50.0,0.9966349265853292,100,0.9980593779078198
100.00000000000004,1,0,1,60.0,1.014579758887974,100,0.998561953758836
100.00000000000004,1,0,1,70.0,1.0339771320558,100,0.9990136568489988
100.00000000000004,1,0,1,75.0,1.044726245897032,100,0.999214955088958
100.00000000000004,1,0,1,80.0,1.0566794095956946,100,0.999393107398194
100.00000000000004,1,0,1,82.13,1.0622087769527786,100,0.9994627633113744
100.00000000000004,1,0,1,85.0,1.07067203747328,100,0.999558993199006
100.00000000000004,1,0,1,90.0,1.0884438685079232,100,0.99970131166714
100.00000000000004,1,0,1,95.0,1.114621018743136,100,0.9998340966967896
100.00000000000004,1,0,1,99.0,1.1634623197486915,100,0.9999614728548288
100.00000000000004,1,0,1,99.73,1.1925432695942657,100,0.9999851786199226
250.0050000000001,1,0,1,5.0,0.9258806014767166,500,0.9980015028794668
250.0050000000001,1,0,1,10.0,0.9417188517612536,500,0.998167170682469
250.0050000000001,1,0,1,15.0,0.9525472551476872,500,0.9982937143372124
250.0050000000001,1,0,1,20.0,0.9611536788110566,500,0.9984246176711588
250.0050000000001,1,0,1,25.0,0.9685262508518256,500,0.9985664473361412
250.0050000000001,1,0,1,30.0,0.9751567799868645,500,0.9987124230723798
250.0050000000001,1,0,1,35.0,0.98136217182929,500,0.9988548080345904
250.0050000000001,1,0,1,40.0,0.9872339123939609,500,0.9989901044829416
250.0050000000001,1,0,1,45.0,0.9928716709906984,500,0.9991039073262644
250.0050000000001,1,0,1,50.0,0.9985021049831524,500,0.999227700162098
250.0050000000001,1,0,1,60.0,1.0098946032571576,500,0.9994449519385362
250.0050000000001,1,0,1,70.0,1.0220486000763669,500,0.9996429717712004
250.0050000000001,1,0,1,75.0,1.0288856078166917,500,0.9997160264394696
250.0050000000001,1,0,1,80.0,1.0364380539631033,500,0.999784943458344
250.0050000000001,1,0,1,82.13,1.0399451671183635,500,0.999812742552054
250.0050000000001,1,0,1,85.0,1.045201260552338,500,0.9998567232757268
250.0050000000001,1,0,1,90.0,1.056369206134184,500,0.9999259651002284
250.0050000000001,1,0,1,95.0,1.0729744568855837,500,0.9999705741978354
250.0050000000001,1,0,1,99.0,1.1035089289800448,500,0.99999332902912
250.0050000000001,1,0,1,99.73,1.1213411882011068,500,0.9999942971547436
500.00000000000017,1,0,1,5.0,0.9476600590841582,500,0.999051831016528
500.00000000000017,1,0,1,10.0,0.959025185781256,500,0.9991309775319012
500.00000000000017,1,0,1,15.0,0.9666744457126284,500,0.9992060797467498
500.00000000000017,1,0,1,20.0,0.9728196451452328,500,0.9992774937301292
500.00000000000017,1,0,1,25.0,0.9780565104523768,500,0.9993493458410074
500.00000000000017,1,0,1,30.0,0.9827877515645792,500,0.9994147234149952
500.00000000000017,1,0,1,35.0,0.9871593601388988,500,0.9994746579013648
500.00000000000017,1,0,1,40.0,0.9913236696848584,500,0.9995348177034152
500.00000000000017,1,0,1,45.0,0.995342986872728,500,0.9995926553340004
500.00000000000017,1,0,1,50.0,0.9993114606659504,500,0.9996501626428488
500.00000000000017,1,0,1,60.0,1.007337727852947,500,0.9997524888737545
500.00000000000017,1,0,1,70.0,1.0159084217445746,500,0.9998406235282268
500.00000000000017,1,0,1,75.0,1.020694593884718,500,0.9998799778761044
500.00000000000017,1,0,1,80.0,1.0260173608509555,500,0.9999153535137032
500.00000000000017,1,0,1,82.13,1.0284629090670163,500,0.9999296513696851
500.00000000000017,1,0,1,85.0,1.0321487507084113,500,0.9999491378709424
500.00000000000017,1,0,1,90.0,1.0399479923272374,500,0.9999759801787452
500.00000000000017,1,0,1,95.0,1.0515251158798071,500,0.9999922228466196
500.00000000000017,1,0,1,99.0,1.073066128060729,500,0.9999958276324338
500.00000000000017,1,0,1,99.73,1.085947108609207,500,0.999995533118708
