cov_type,eff_rank,is_sphere,is_hyperbolic,curvature,ptile,cutoff_ratio,d,RE
full-rank,2.0,0,1,-1,5.0,0.1625694066145834,2,0.8475578898943665
full-rank,2.0,0,1,-1,10.0,0.2333558946383336,2,0.9886805106183982
full-rank,2.0,0,1,-1,15.0,0.2914312028752775,2,1.0778362479299557
full-rank,2.0,0,1,-1,20.0,0.34373852891173,2,1.1441623665113003
full-rank,2.0,0,1,-1,25.0,0.393392655258906,2,1.1954819959844427
full-rank,2.0,0,1,-1,30.0,0.4420048147190711,2,1.236328005413199
full-rank,2.0,0,1,-1,35.0,0.4907112068174482,2,1.270819822906839
full-rank,2.0,0,1,-1,40.0,0.5396468363373418,2,1.299355538352765
full-rank,2.0,0,1,-1,45.0,0.5906384210867581,2,1.3243656776359602
full-rank,2.0,0,1,-1,50.0,0.643799348502381,2,1.34582746730664
full-rank,2.0,0,1,-1,60.0,0.7625911532149282,2,1.3792917222520662
full-rank,2.0,0,1,-1,70.0,0.9082104401641862,2,1.4010310490899418
full-rank,2.0,0,1,-1,75.0,0.999632622859594,2,1.407500198879026
full-rank,2.0,0,1,-1,80.0,1.111035587690766,2,1.410136611089361
full-rank,2.0,0,1,-1,82.13,1.1677660709583932,2,1.4097134095617525
full-rank,2.0,0,1,-1,85.0,1.2562247194724647,2,1.4072108901029552
full-rank,2.0,0,1,-1,90.0,1.4691247683627635,2,1.3956830200652033
full-rank,2.0,0,1,-1,95.0,1.8597123723650135,2,1.36372132730286
full-rank,2.0,0,1,-1,99.0,2.9715348367899184,2,1.2721534651611588
full-rank,2.0,0,1,-1,99.73,4.134833065238011,2,1.2077760243478204
full-rank,5.0,0,1,-1,5.0,0.3112696581525277,5,1.5073902543545945
full-rank,5.0,0,1,-1,10.0,0.3770587455611032,5,1.546980361725646
full-rank,5.0,0,1,-1,15.0,0.4279578891310079,5,1.569564920608865
full-rank,5.0,0,1,-1,20.0,0.4727085032921359,5,1.5843723694489331
full-rank,5.0,0,1,-1,25.0,0.5140475924591125,5,1.5938752999205126
full-rank,5.0,0,1,-1,30.0,0.5542627819799936,5,1.6004006582106247
full-rank,5.0,0,1,-1,35.0,0.5942678379373885,5,1.60492756749111
full-rank,5.0,0,1,-1,40.0,0.6347829732784602,5,1.6070405672849295
full-rank,5.0,0,1,-1,45.0,0.6766922334173984,5,1.607194898053659
full-rank,5.0,0,1,-1,50.0,0.7203907583481264,5,1.6057252052244908
full-rank,5.0,0,1,-1,60.0,0.8182327732827019,5,1.5977712900768046
full-rank,5.0,0,1,-1,70.0,0.9404436412615104,5,1.5813047389827313
full-rank,5.0,0,1,-1,75.0,1.017823848834451,5,1.5683507816031497
full-rank,5.0,0,1,-1,80.0,1.1134320031001623,5,1.5510102376833788
full-rank,5.0,0,1,-1,82.13,1.1620836815793365,5,1.541737115010417
full-rank,5.0,0,1,-1,85.0,1.2383315758774631,5,1.5269664506215364
full-rank,5.0,0,1,-1,90.0,1.4219042802654749,5,1.491900771079461
full-rank,5.0,0,1,-1,95.0,1.7652202032298885,5,1.430509181601095
full-rank,5.0,0,1,-1,99.0,2.752380513119429,5,1.2985599910363703
full-rank,5.0,0,1,-1,99.73,3.791960027375261,5,1.2175979566719386
full-rank,10.000000000000002,0,1,-1,5.0,0.3801242686225601,10,1.699119922270625
full-rank,10.000000000000002,0,1,-1,10.0,0.4389519156658168,10,1.7020651126421522
full-rank,10.000000000000002,0,1,-1,15.0,0.4840560025602581,10,1.7011836128174105
full-rank,10.000000000000002,0,1,-1,20.0,0.5234464495538671,10,1.6979583813425303
full-rank,10.000000000000002,0,1,-1,25.0,0.5602128063455841,10,1.6935285498751669
full-rank,10.000000000000002,0,1,-1,30.0,0.5959433611095203,10,1.6882478922154194
full-rank,10.000000000000002,0,1,-1,35.0,0.6316697829870371,10,1.6818199308625
full-rank,10.000000000000002,0,1,-1,40.0,0.6682085002459363,10,1.6746592819275554
full-rank,10.000000000000002,0,1,-1,45.0,0.7061931357909654,10,1.666350883250001
full-rank,10.000000000000002,0,1,-1,50.0,0.7462415426243463,10,1.6569356739494026
full-rank,10.000000000000002,0,1,-1,60.0,0.835487570760667,10,1.634729527419876
full-rank,10.000000000000002,0,1,-1,70.0,0.9487625160849144,10,1.6048587841680586
full-rank,10.000000000000002,0,1,-1,75.0,1.020208289693984,10,1.5858274223118587
full-rank,10.000000000000002,0,1,-1,80.0,1.1090898842295207,10,1.5625348835078623
full-rank,10.000000000000002,0,1,-1,82.13,1.1542954798309797,10,1.5510073018747932
full-rank,10.000000000000002,0,1,-1,85.0,1.226080259989938,10,1.5329236830999549
full-rank,10.000000000000002,0,1,-1,90.0,1.4000089321454452,10,1.491273053999933
full-rank,10.000000000000002,0,1,-1,95.0,1.720985976410524,10,1.4244206534817614
full-rank,10.000000000000002,0,1,-1,99.0,2.6702350841125444,10,1.2881027445832225
full-rank,10.000000000000002,0,1,-1,99.73,3.675607258421747,10,1.2069214019809342
full-rank,20.000000000000004,0,1,-1,5.0,0.4190214205032611,20,1.7873463250232002
full-rank,20.000000000000004,0,1,-1,10.0,0.4723568176495242,20,1.7788785268353688
full-rank,20.000000000000004,0,1,-1,15.0,0.5139256523870351,20,1.7703982646399
full-rank,20.000000000000004,0,1,-1,20.0,0.5505286028581976,20,1.7616894857170502
full-rank,20.000000000000004,0,1,-1,25.0,0.5850318438797781,20,1.7527052065354702
full-rank,20.000000000000004,0,1,-1,30.0,0.6182547601995936,20,1.7435599680915626
full-rank,20.000000000000004,0,1,-1,35.0,0.6517754875888283,20,1.7338616405589211
full-rank,20.000000000000004,0,1,-1,40.0,0.686015934629892,20,1.7235067465193548
full-rank,20.000000000000004,0,1,-1,45.0,0.7213767073953996,20,1.7123883373484612
full-rank,20.000000000000004,0,1,-1,50.0,0.7594158143537282,20,1.700151906178465
full-rank,20.000000000000004,0,1,-1,60.0,0.8446960985858638,20,1.6723417144997497
full-rank,20.000000000000004,0,1,-1,70.0,0.952162155903832,20,1.6373915061433515
full-rank,20.000000000000004,0,1,-1,75.0,1.02038927381358,20,1.6156819334561705
full-rank,20.000000000000004,0,1,-1,80.0,1.1049222685839195,20,1.5897654172095248
full-rank,20.000000000000004,0,1,-1,82.13,1.1489534490173845,20,1.5766300773648292
full-rank,20.000000000000004,0,1,-1,85.0,1.2179894110770837,20,1.556492944459024
full-rank,20.000000000000004,0,1,-1,90.0,1.3856963585802446,20,1.5108788254844687
full-rank,20.000000000000004,0,1,-1,95.0,1.6990116303795002,20,1.4381999157615848
full-rank,20.000000000000004,0,1,-1,99.0,2.6268548760599795,20,1.293849602506386
full-rank,20.000000000000004,0,1,-1,99.73,3.603106146796829,20,1.210692143858739
full-rank,50.0,0,1,-1,5.0,0.4433929829875968,50,1.8458464417619915
full-rank,50.0,0,1,-1,10.0,0.4934809042933746,50,1.8308729675055009
full-rank,50.0,0,1,-1,15.0,0.5321493301895363,50,1.8182039536711028
full-rank,50.0,0,1,-1,20.0,0.5668779307404436,50,1.806051637423364
full-rank,50.0,0,1,-1,25.0,0.5995305420398295,50,1.7942731857966498
full-rank,50.0,0,1,-1,30.0,0.6313828308783757,50,1.7824651274517522
full-rank,50.0,0,1,-1,35.0,0.6635005526874552,50,1.7702760788023182
full-rank,50.0,0,1,-1,40.0,0.6961461422651427,50,1.7577800360171585
full-rank,50.0,0,1,-1,45.0,0.7303169574014811,50,1.7444903760079582
full-rank,50.0,0,1,-1,50.0,0.766861078553084,50,1.7302905957803854
full-rank,50.0,0,1,-1,60.0,0.8494388947797027,50,1.6985167641602317
full-rank,50.0,0,1,-1,70.0,0.9535658792344248,50,1.659491882285802
full-rank,50.0,0,1,-1,75.0,1.020264805833114,50,1.63555685272863
full-rank,50.0,0,1,-1,80.0,1.1024515436837352,50,1.6072016451657842
full-rank,50.0,0,1,-1,82.13,1.1449300428281748,50,1.593139647789721
full-rank,50.0,0,1,-1,85.0,1.212207605795035,50,1.571647445112165
full-rank,50.0,0,1,-1,90.0,1.375876816433243,50,1.5233829730200952
full-rank,50.0,0,1,-1,95.0,1.6859159993212125,50,1.4465020575818015
full-rank,50.0,0,1,-1,99.0,2.5941520779037317,50,1.2995512250841803
full-rank,50.0,0,1,-1,99.73,3.5547171404608258,50,1.2147772032105864
full-rank,100.00000000000004,0,1,-1,5.0,0.4513581709864891,100,1.857133937079226
full-rank,100.00000000000004,0,1,-1,10.0,0.5000780943890799,100,1.8399398407647751
full-rank,100.00000000000004,0,1,-1,15.0,0.5384243343981711,100,1.8255560069746928
full-rank,100.00000000000004,0,1,-1,20.0,0.5726205128499551,100,1.8122512633576309
full-rank,100.00000000000004,0,1,-1,25.0,0.6043717168405595,100,1.7995718772577085
full-rank,100.00000000000004,0,1,-1,30.0,0.6358593325209438,100,1.7868058939030518
full-rank,100.00000000000004,0,1,-1,35.0,0.6673909028550595,100,1.7738722037885224
full-rank,100.00000000000004,0,1,-1,40.0,0.6995300086760875,100,1.760664685291628
full-rank,100.00000000000004,0,1,-1,45.0,0.7334465314839008,100,1.746698528856058
full-rank,100.00000000000004,0,1,-1,50.0,0.7691837782423784,100,1.7320077791785609
full-rank,100.00000000000004,0,1,-1,60.0,0.8507357345960495,100,1.6989695559302225
full-rank,100.00000000000004,0,1,-1,70.0,0.95448568677391,100,1.658589120536323
full-rank,100.00000000000004,0,1,-1,75.0,1.0200750004901096,100,1.6342163923989688
full-rank,100.00000000000004,0,1,-1,80.0,1.1026030991680378,100,1.6049795837995438
full-rank,100.00000000000004,0,1,-1,82.13,1.1453337845579834,100,1.5904549806349209
full-rank,100.00000000000004,0,1,-1,85.0,1.2119116751636476,100,1.5686035392895648
full-rank,100.00000000000004,0,1,-1,90.0,1.3734592960334384,100,1.519904470657571
full-rank,100.00000000000004,0,1,-1,95.0,1.6789185885476712,100,1.4427863918132493
full-rank,100.00000000000004,0,1,-1,99.0,2.575709714470096,100,1.2954678294612505
full-rank,100.00000000000004,0,1,-1,99.73,3.5316767281410506,100,1.210348254524392
full-rank,500.00000000000017,0,1,-1,5.0,0.4579451614368675,500,1.8744518881807408
full-rank,500.00000000000017,0,1,-1,10.0,0.5058169948246332,500,1.857454432663312
full-rank,500.00000000000017,0,1,-1,15.0,0.5434105146133549,500,1.8432580973935009
full-rank,500.00000000000017,0,1,-1,20.0,0.5766841741222691,500,1.8301987375978988
full-rank,500.00000000000017,0,1,-1,25.0,0.6082136581781429,500,1.817529190252968
full-rank,500.00000000000017,0,1,-1,30.0,0.638730681509019,500,1.8049319118893732
full-rank,500.00000000000017,0,1,-1,35.0,0.6697301162663127,500,1.7921906318465304
full-rank,500.00000000000017,0,1,-1,40.0,0.70181504774299,500,1.7790473927204642
full-rank,500.00000000000017,0,1,-1,45.0,0.7360659752116486,500,1.7645542543863193
full-rank,500.00000000000017,0,1,-1,50.0,0.7712128254708346,500,1.7504603538663004
full-rank,500.00000000000017,0,1,-1,60.0,0.8513368805673313,500,1.7178521831307685
full-rank,500.00000000000017,0,1,-1,70.0,0.9550505387378456,500,1.6772059012037548
full-rank,500.00000000000017,0,1,-1,75.0,1.0198764343315248,500,1.653032025148535
full-rank,500.00000000000017,0,1,-1,80.0,1.098977398464138,500,1.62478210146272
full-rank,500.00000000000017,0,1,-1,82.13,1.1423513060239547,500,1.6099904260223794
full-rank,500.00000000000017,0,1,-1,85.0,1.2089365512674222,500,1.5880296940898582
full-rank,500.00000000000017,0,1,-1,90.0,1.3725992940072502,500,1.538348537167504
full-rank,500.00000000000017,0,1,-1,95.0,1.6842169834674536,500,1.459075828209017
full-rank,500.00000000000017,0,1,-1,99.0,2.5886602728083097,500,1.3092027703066509
full-rank,500.00000000000017,0,1,-1,99.73,3.609622852501782,500,1.219070979227509
half-rank,1.005,0,1,-1,5.0,0.0686590534398264,2,0.3966713228124524
half-rank,1.005,0,1,-1,10.0,0.1116380514813084,2,0.5011669488431206
half-rank,1.005,0,1,-1,15.0,0.1553780940067979,2,0.6192547263875061
half-rank,1.005,0,1,-1,20.0,0.2011581785456142,2,0.7261184811856333
half-rank,1.005,0,1,-1,25.0,0.2490768435220657,2,0.823343548326559
half-rank,1.005,0,1,-1,30.0,0.2989132552754465,2,0.9097984458765376
half-rank,1.005,0,1,-1,35.0,0.3510556422692257,2,0.9873139846422708
half-rank,1.005,0,1,-1,40.0,0.4065220170893122,2,1.057559669607726
half-rank,1.005,0,1,-1,45.0,0.4647557086536141,2,1.1185563735218993
half-rank,1.005,0,1,-1,50.0,0.5269362669909987,2,1.1735172015203246
half-rank,1.005,0,1,-1,60.0,0.6674643708445047,2,1.2651921244465514
half-rank,1.005,0,1,-1,70.0,0.8421876403147622,2,1.339325810122579
half-rank,1.005,0,1,-1,75.0,0.951422268734397,2,1.3686559255858253
half-rank,1.005,0,1,-1,80.0,1.0830646315303114,2,1.3917454540286005
half-rank,1.005,0,1,-1,82.13,1.1498663833070384,2,1.4003081467190115
half-rank,1.005,0,1,-1,85.0,1.25583810540932,2,1.4065903607231298
half-rank,1.005,0,1,-1,90.0,1.5036863556158278,2,1.411807002914663
half-rank,1.005,0,1,-1,95.0,1.9525274130364811,2,1.3941678004432618
half-rank,1.005,0,1,-1,99.0,3.222693916225664,2,1.3079120967135278
half-rank,1.005,0,1,-1,99.73,4.547867539654458,2,1.2323379250821778
half-rank,2.5000000000000004,0,1,-1,5.0,0.2681885627872311,5,1.3797640841398604
half-rank,2.5000000000000004,0,1,-1,10.0,0.3320867552252911,5,1.4384587855045348
half-rank,2.5000000000000004,0,1,-1,15.0,0.3819276750371941,5,1.4744696795512289
half-rank,2.5000000000000004,0,1,-1,20.0,0.4268945210209693,5,1.5007865131293616
half-rank,2.5000000000000004,0,1,-1,25.0,0.4694267832512684,5,1.520557636544013
half-rank,2.5000000000000004,0,1,-1,30.0,0.5109868869417803,5,1.5358755065473195
half-rank,2.5000000000000004,0,1,-1,35.0,0.552575529226393,5,1.5482583434395958
half-rank,2.5000000000000004,0,1,-1,40.0,0.5954191592595156,5,1.5582850067219562
half-rank,2.5000000000000004,0,1,-1,45.0,0.639752059978008,5,1.5657131022441986
half-rank,2.5000000000000004,0,1,-1,50.0,0.6866125127250432,5,1.5714580804337392
half-rank,2.5000000000000004,0,1,-1,60.0,0.7920288122725808,5,1.5765142354075845
half-rank,2.5000000000000004,0,1,-1,70.0,0.9238840687183828,5,1.572303470415092
half-rank,2.5000000000000004,0,1,-1,75.0,1.0071275641320585,5,1.5654046922629503
half-rank,2.5000000000000004,0,1,-1,80.0,1.1086480959884932,5,1.554130336056724
half-rank,2.5000000000000004,0,1,-1,82.13,1.16033974114174,5,1.5472927439970534
half-rank,2.5000000000000004,0,1,-1,85.0,1.2425691783534238,5,1.5359704154258578
half-rank,2.5000000000000004,0,1,-1,90.0,1.4382388360111569,5,1.5074202689577996
half-rank,2.5000000000000004,0,1,-1,95.0,1.806442289781893,5,1.4517280627838691
half-rank,2.5000000000000004,0,1,-1,99.0,2.8581256260550987,5,1.322965501666666
half-rank,2.5000000000000004,0,1,-1,99.73,3.978544674312809,5,1.238395247320274
half-rank,5.005,0,1,-1,5.0,0.3117330394815684,10,1.53024913747225
half-rank,5.005,0,1,-1,10.0,0.3780319398166114,10,1.5707083336222103
half-rank,5.005,0,1,-1,15.0,0.4290323319120566,10,1.5925977530483812
half-rank,5.005,0,1,-1,20.0,0.4738034229331389,10,1.6061797796715538
half-rank,5.005,0,1,-1,25.0,0.5151096595976754,10,1.6151149730003276
half-rank,5.005,0,1,-1,30.0,0.5551940494147917,10,1.6204330525765482
half-rank,5.005,0,1,-1,35.0,0.5950617145355007,10,1.623564295968506
half-rank,5.005,0,1,-1,40.0,0.6353552915392242,10,1.6245355314400134
half-rank,5.005,0,1,-1,45.0,0.6767481158902107,10,1.623460795105573
half-rank,5.005,0,1,-1,50.0,0.7203558593505667,10,1.6208486768291308
half-rank,5.005,0,1,-1,60.0,0.8185410093085972,10,1.6099909660437048
half-rank,5.005,0,1,-1,70.0,0.9409816607871336,10,1.5904974309359028
half-rank,5.005,0,1,-1,75.0,1.0183753225395502,10,1.5761234801619106
half-rank,5.005,0,1,-1,80.0,1.1135852410672389,10,1.5574269477491227
half-rank,5.005,0,1,-1,82.13,1.1617714226689342,10,1.5475730837780557
half-rank,5.005,0,1,-1,85.0,1.2374038335322184,10,1.5323870270131144
half-rank,5.005,0,1,-1,90.0,1.4207597093185065,10,1.495882235181969
half-rank,5.005,0,1,-1,95.0,1.7646594085510767,10,1.4330992829710318
half-rank,5.005,0,1,-1,99.0,2.7634455631509254,10,1.3030026633984877
half-rank,5.005,0,1,-1,99.73,3.825642697367996,10,1.222526851532436
half-rank,10.005000000000004,0,1,-1,5.0,0.3804128721661304,20,1.7095526027475976
half-rank,10.005000000000004,0,1,-1,10.0,0.4386339090260244,20,1.715128053258839
half-rank,10.005000000000004,0,1,-1,15.0,0.483852214125372,20,1.7157657360117935
half-rank,10.005000000000004,0,1,-1,20.0,0.5234861869455473,20,1.7139534696755143
half-rank,10.005000000000004,0,1,-1,25.0,0.5605609077539341,20,1.7104653643821883
half-rank,10.005000000000004,0,1,-1,30.0,0.5964952809558259,20,1.7058611157466328
half-rank,10.005000000000004,0,1,-1,35.0,0.6319063705731642,20,1.7001189074549814
half-rank,10.005000000000004,0,1,-1,40.0,0.6683880188359725,20,1.6932599575383378
half-rank,10.005000000000004,0,1,-1,45.0,0.7061020499470254,20,1.6855075208945476
half-rank,10.005000000000004,0,1,-1,50.0,0.7459200765552683,20,1.6765489613732
half-rank,10.005000000000004,0,1,-1,60.0,0.8356675797224788,20,1.6544595176152574
half-rank,10.005000000000004,0,1,-1,70.0,0.948587811762989,20,1.624506941849709
half-rank,10.005000000000004,0,1,-1,75.0,1.0201294566821757,20,1.6050630593637945
half-rank,10.005000000000004,0,1,-1,80.0,1.1091094300806654,20,1.58097909627895
half-rank,10.005000000000004,0,1,-1,82.13,1.1550887554971625,20,1.5687388704883551
half-rank,10.005000000000004,0,1,-1,85.0,1.2265584626764128,20,1.5499388346766465
half-rank,10.005000000000004,0,1,-1,90.0,1.4001581973280728,20,1.5072688482225434
half-rank,10.005000000000004,0,1,-1,95.0,1.7233175142632953,20,1.437174904412697
half-rank,10.005000000000004,0,1,-1,99.0,2.675606587077343,20,1.2961026910491686
half-rank,10.005000000000004,0,1,-1,99.73,3.665268763867609,20,1.2137565201811964
half-rank,25.005,0,1,-1,5.0,0.4271625786069111,50,1.8199261005459189
half-rank,25.005,0,1,-1,10.0,0.478915605738721,50,1.8093114476524468
half-rank,25.005,0,1,-1,15.0,0.5197109586416484,50,1.7991568918491387
half-rank,25.005,0,1,-1,20.0,0.55584741421313,50,1.7891833966957311
half-rank,25.005,0,1,-1,25.0,0.5895147879913166,50,1.7792000841251427
half-rank,25.005,0,1,-1,30.0,0.6221643354482124,50,1.7690430827252246
half-rank,25.005,0,1,-1,35.0,0.6552008089401494,50,1.7583816676691548
half-rank,25.005,0,1,-1,40.0,0.6886744273714913,50,1.7471816229108832
half-rank,25.005,0,1,-1,45.0,0.7237432048340777,50,1.735386601401748
half-rank,25.005,0,1,-1,50.0,0.7608505494744224,50,1.7226156044356915
half-rank,25.005,0,1,-1,60.0,0.8451543137279999,50,1.6930607532527115
half-rank,25.005,0,1,-1,70.0,0.9518279269402324,50,1.656299323067452
half-rank,25.005,0,1,-1,75.0,1.0199727393525024,50,1.6336079742286165
half-rank,25.005,0,1,-1,80.0,1.1044598682317477,50,1.6063714176296005
half-rank,25.005,0,1,-1,82.13,1.147674648036141,50,1.5927921248087715
half-rank,25.005,0,1,-1,85.0,1.215879004051205,50,1.5721016798054044
half-rank,25.005,0,1,-1,90.0,1.3826273910208504,50,1.5252054696824244
half-rank,25.005,0,1,-1,95.0,1.6958626499361755,50,1.4502740730149406
half-rank,25.005,0,1,-1,99.0,2.615437019183505,50,1.304052626324009
half-rank,25.005,0,1,-1,99.73,3.585021134884577,50,1.2196700618841183
half-rank,50.005,0,1,-1,5.0,0.4433205794160272,100,1.8550976569514277
half-rank,50.005,0,1,-1,10.0,0.4934408235574594,100,1.840223486672403
half-rank,50.005,0,1,-1,15.0,0.5325375694194706,100,1.8273652952316188
half-rank,50.005,0,1,-1,20.0,0.5670373497997626,100,1.8154903513630112
half-rank,50.005,0,1,-1,25.0,0.5995604834208862,100,1.8037572257226973
half-rank,50.005,0,1,-1,30.0,0.63148769921143,100,1.7919851060205425
half-rank,50.005,0,1,-1,35.0,0.6637227297528464,100,1.779824535116321
half-rank,50.005,0,1,-1,40.0,0.6963771294863892,100,1.76736250665418
half-rank,50.005,0,1,-1,45.0,0.7304456341485462,100,1.7542542531046434
half-rank,50.005,0,1,-1,50.0,0.7668441147750494,100,1.7402053129677209
half-rank,50.005,0,1,-1,60.0,0.8489970565631871,100,1.7088729681436383
half-rank,50.005,0,1,-1,70.0,0.9538193405723838,100,1.669795443438399
half-rank,50.005,0,1,-1,75.0,1.019797219352103,100,1.646201633786908
half-rank,50.005,0,1,-1,80.0,1.1027292327867744,100,1.6177181632122692
half-rank,50.005,0,1,-1,82.13,1.1456784681190195,100,1.6035405316869884
half-rank,50.005,0,1,-1,85.0,1.2130913277707214,100,1.582236780465995
half-rank,50.005,0,1,-1,90.0,1.375369456902685,100,1.5346703725432176
half-rank,50.005,0,1,-1,95.0,1.6847729203750224,100,1.458080883279973
half-rank,50.005,0,1,-1,99.0,2.598821420191709,100,1.309536335755394
half-rank,50.005,0,1,-1,99.73,3.5744000760087657,100,1.2229849959229944
half-rank,250.0050000000001,0,1,-1,5.0,0.4544845659018708,500,1.8850420815123412
half-rank,250.0050000000001,0,1,-1,10.0,0.5022791461379472,500,1.8679427863255
half-rank,250.0050000000001,0,1,-1,15.0,0.5409303559152261,500,1.8530651541087448
half-rank,250.0050000000001,0,1,-1,20.0,0.5741830657970943,500,1.8396433720786791
half-rank,250.0050000000001,0,1,-1,25.0,0.60621815023101,500,1.8265564776204333
half-rank,250.0050000000001,0,1,-1,30.0,0.6375583590811953,500,1.8135084962703116
half-rank,250.0050000000001,0,1,-1,35.0,0.6688041732873181,500,1.8003212867306764
half-rank,250.0050000000001,0,1,-1,40.0,0.7008918997514236,500,1.7866329272576975
half-rank,250.0050000000001,0,1,-1,45.0,0.7337182452775763,500,1.772598973324785
half-rank,250.0050000000001,0,1,-1,50.0,0.7697244855862702,500,1.7573891826120709
half-rank,250.0050000000001,0,1,-1,60.0,0.8523623596520068,500,1.7226088341593069
half-rank,250.0050000000001,0,1,-1,70.0,0.9551298951324309,500,1.6811132720189927
half-rank,250.0050000000001,0,1,-1,75.0,1.0191513634315366,500,1.6563550956288873
half-rank,250.0050000000001,0,1,-1,80.0,1.1012297286627892,500,1.626038291382695
half-rank,250.0050000000001,0,1,-1,82.13,1.144433788503006,500,1.6109685432971286
half-rank,250.0050000000001,0,1,-1,85.0,1.2106445713524765,500,1.588237338436157
half-rank,250.0050000000001,0,1,-1,90.0,1.3730752608718553,500,1.5375538839069618
half-rank,250.0050000000001,0,1,-1,95.0,1.684304902639855,500,1.455663194762842
half-rank,250.0050000000001,0,1,-1,99.0,2.5801947203257325,500,1.3018021024270978
half-rank,250.0050000000001,0,1,-1,99.73,3.5985250213877915,500,1.2075408243608474
low-rank,1.0001,0,1,-1,5.0,0.0488380509525701,2,0.264869234107945
low-rank,1.0001,0,1,-1,10.0,0.0961269622709212,2,0.3971774505756113
low-rank,1.0001,0,1,-1,15.0,0.1439541803172914,2,0.5373332936194332
low-rank,1.0001,0,1,-1,20.0,0.1925310719340973,2,0.6653628767383291
low-rank,1.0001,0,1,-1,25.0,0.2421093839989881,2,0.7791601957657135
low-rank,1.0001,0,1,-1,30.0,0.2935971363468855,2,0.8782473523062214
low-rank,1.0001,0,1,-1,35.0,0.3466559958099891,2,0.9628226895271376
low-rank,1.0001,0,1,-1,40.0,0.4020760462242593,2,1.038126930811217
low-rank,1.0001,0,1,-1,45.0,0.4604553775427502,2,1.1043327162504109
low-rank,1.0001,0,1,-1,50.0,0.5234570538899628,2,1.164321084014056
low-rank,1.0001,0,1,-1,60.0,0.6651263055757436,2,1.261867119631182
low-rank,1.0001,0,1,-1,70.0,0.8408815544450552,2,1.3346154223220346
low-rank,1.0001,0,1,-1,75.0,0.9493987657050704,2,1.3618526174714072
low-rank,1.0001,0,1,-1,80.0,1.0815744536384158,2,1.3840077536879922
low-rank,1.0001,0,1,-1,82.13,1.149670594070274,2,1.3905164981342792
low-rank,1.0001,0,1,-1,85.0,1.2549309120629444,2,1.3979717108045315
low-rank,1.0001,0,1,-1,90.0,1.5032399500037807,2,1.402357408764522
low-rank,1.0001,0,1,-1,95.0,1.955340318262475,2,1.382235260382121
low-rank,1.0001,0,1,-1,99.0,3.2204851454534964,2,1.301958083819685
low-rank,1.0001,0,1,-1,99.73,4.527731319329697,2,1.227961261857569
low-rank,1.0004,0,1,-1,5.0,0.050796095766784,5,0.3317558717238396
low-rank,1.0004,0,1,-1,10.0,0.0968497851951812,5,0.4733183604755537
low-rank,1.0004,0,1,-1,15.0,0.1444147154330229,5,0.6372018003260205
low-rank,1.0004,0,1,-1,20.0,0.1930170821321337,5,0.7833080531804882
low-rank,1.0004,0,1,-1,25.0,0.242882348461837,5,0.9155807221558706
low-rank,1.0004,0,1,-1,30.0,0.2940178079981391,5,1.0337565410344145
low-rank,1.0004,0,1,-1,35.0,0.3473902529397573,5,1.1409778855752963
low-rank,1.0004,0,1,-1,40.0,0.4028354005306354,5,1.233652478849672
low-rank,1.0004,0,1,-1,45.0,0.4611858202690652,5,1.314871572261993
low-rank,1.0004,0,1,-1,50.0,0.5238347263692,5,1.3853867946101728
low-rank,1.0004,0,1,-1,60.0,0.6654696302687438,5,1.4987835130741374
low-rank,1.0004,0,1,-1,70.0,0.8414829671341206,5,1.5754798452864027
low-rank,1.0004,0,1,-1,75.0,0.9509073757075563,5,1.598349889212339
low-rank,1.0004,0,1,-1,80.0,1.0828193396079622,5,1.6116599659783843
low-rank,1.0004,0,1,-1,82.13,1.1499138046724695,5,1.6137191461655152
low-rank,1.0004,0,1,-1,85.0,1.2548689295536382,5,1.611198297121637
low-rank,1.0004,0,1,-1,90.0,1.5057059264849788,5,1.5916115023108273
low-rank,1.0004,0,1,-1,95.0,1.961143643040869,5,1.5320080782491152
low-rank,1.0004,0,1,-1,99.0,3.2130374318322907,5,1.376944200250858
low-rank,1.0004,0,1,-1,99.73,4.540226955983687,5,1.2699161885611323
low-rank,1.0009,0,1,-1,5.0,0.0542551635456531,10,0.3111958443385259
low-rank,1.0009,0,1,-1,10.0,0.0984664504580075,10,0.4437133613893705
low-rank,1.0009,0,1,-1,15.0,0.145586231181643,10,0.584573994507223
low-rank,1.0009,0,1,-1,20.0,0.1938821573452578,10,0.7111375851787967
low-rank,1.0009,0,1,-1,25.0,0.243474345939096,10,0.825430635498432
low-rank,1.0009,0,1,-1,30.0,0.2945664500052992,10,0.925588421769873
low-rank,1.0009,0,1,-1,35.0,0.3474982752007558,10,1.0150714563311714
low-rank,1.0009,0,1,-1,40.0,0.4031658514328782,10,1.0933401411047337
low-rank,1.0009,0,1,-1,45.0,0.4614645375711269,10,1.1631789841781857
low-rank,1.0009,0,1,-1,50.0,0.5237215268208477,10,1.2254735006949815
low-rank,1.0009,0,1,-1,60.0,0.6645515781231981,10,1.328502034865343
low-rank,1.0009,0,1,-1,70.0,0.8401437614862036,10,1.4076196126821932
low-rank,1.0009,0,1,-1,75.0,0.9488902597585104,10,1.436245113988648
low-rank,1.0009,0,1,-1,80.0,1.0825213414140138,10,1.457507937327306
low-rank,1.0009,0,1,-1,82.13,1.150618532814203,10,1.4636226730245427
low-rank,1.0009,0,1,-1,85.0,1.2560052080023842,10,1.4686693780541356
low-rank,1.0009,0,1,-1,90.0,1.5062266359025778,10,1.4659163962120474
low-rank,1.0009,0,1,-1,95.0,1.9592124549452163,10,1.4311229245771075
low-rank,1.0009,0,1,-1,99.0,3.2095509148563424,10,1.326317750616064
low-rank,1.0009,0,1,-1,99.73,4.526885019556465,10,1.243267326944711
low-rank,2.0018,0,1,-1,5.0,0.1625750420798558,20,0.931015512528834
low-rank,2.0018,0,1,-1,10.0,0.2337481707880111,20,1.067051459847819
low-rank,2.0018,0,1,-1,15.0,0.2918670359843878,20,1.1543770942274192
low-rank,2.0018,0,1,-1,20.0,0.3444246026533375,20,1.2191587990998949
low-rank,2.0018,0,1,-1,25.0,0.3938948699247411,20,1.270393648915188
low-rank,2.0018,0,1,-1,30.0,0.4423908345424502,20,1.3123859170938117
low-rank,2.0018,0,1,-1,35.0,0.4905335631752163,20,1.3469245172484727
low-rank,2.0018,0,1,-1,40.0,0.5395020240474357,20,1.3771403092555514
low-rank,2.0018,0,1,-1,45.0,0.5901429570512551,20,1.4032110226002596
low-rank,2.0018,0,1,-1,50.0,0.6435350771114037,20,1.4252425317045068
low-rank,2.0018,0,1,-1,60.0,0.7619447205981674,20,1.4592922485673112
low-rank,2.0018,0,1,-1,70.0,0.908634494131415,20,1.48166639905492
low-rank,2.0018,0,1,-1,75.0,0.9993530646134974,20,1.4868018536743643
low-rank,2.0018,0,1,-1,80.0,1.1111289741018728,20,1.4877177437259204
low-rank,2.0018,0,1,-1,82.13,1.1673713458530717,20,1.4862575047435076
low-rank,2.0018,0,1,-1,85.0,1.2564357780800277,20,1.4821205660382422
low-rank,2.0018,0,1,-1,90.0,1.4684573592372827,20,1.4660200030733013
low-rank,2.0018,0,1,-1,95.0,1.8591273162694877,20,1.4257249718725291
low-rank,2.0018,0,1,-1,99.0,2.974999021242009,20,1.313091539869465
low-rank,2.0018,0,1,-1,99.73,4.181170636614628,20,1.23258559578567
low-rank,5.004500000000001,0,1,-1,5.0,0.311668945120282,50,1.5044214004976306
low-rank,5.004500000000001,0,1,-1,10.0,0.3773865781003257,50,1.541503905611895
low-rank,5.004500000000001,0,1,-1,15.0,0.4286876317596976,50,1.5617536233777
low-rank,5.004500000000001,0,1,-1,20.0,0.4732691020816474,50,1.5742902965438146
low-rank,5.004500000000001,0,1,-1,25.0,0.5145358861438638,50,1.5826761655714994
low-rank,5.004500000000001,0,1,-1,30.0,0.5544169121842462,50,1.5879787511239445
low-rank,5.004500000000001,0,1,-1,35.0,0.5940720933172743,50,1.590882418683523
low-rank,5.004500000000001,0,1,-1,40.0,0.6345242336687205,50,1.5920495755932629
low-rank,5.004500000000001,0,1,-1,45.0,0.6761940855619619,50,1.5918838940956292
low-rank,5.004500000000001,0,1,-1,50.0,0.7202104681191748,50,1.5896858401378646
low-rank,5.004500000000001,0,1,-1,60.0,0.8186470892957011,50,1.5804825126217732
low-rank,5.004500000000001,0,1,-1,70.0,0.941488960300206,50,1.5628901569218403
low-rank,5.004500000000001,0,1,-1,75.0,1.0185344206876392,50,1.5498191158880106
low-rank,5.004500000000001,0,1,-1,80.0,1.1134697060226804,50,1.5325124761318931
low-rank,5.004500000000001,0,1,-1,82.13,1.1618407624258018,50,1.5236153597531286
low-rank,5.004500000000001,0,1,-1,85.0,1.2380607275042783,50,1.5092574638673255
low-rank,5.004500000000001,0,1,-1,90.0,1.4215609722102631,50,1.4739944118650865
low-rank,5.004500000000001,0,1,-1,95.0,1.7630943751541537,50,1.414694382534346
low-rank,5.004500000000001,0,1,-1,99.0,2.747294207325804,50,1.2891368483424703
low-rank,5.004500000000001,0,1,-1,99.73,3.791259716688168,50,1.2127402875090334
low-rank,10.009000000000002,0,1,-1,5.0,0.3798181521073108,100,1.6928972201269123
low-rank,10.009000000000002,0,1,-1,10.0,0.4384781746619492,100,1.6967520632854616
low-rank,10.009000000000002,0,1,-1,15.0,0.4836005382791429,100,1.6962108133859128
low-rank,10.009000000000002,0,1,-1,20.0,0.5230934866143034,100,1.6937121352672964
low-rank,10.009000000000002,0,1,-1,25.0,0.5604107320215198,100,1.689713463048448
low-rank,10.009000000000002,0,1,-1,30.0,0.5963726504140713,100,1.6849444449029818
low-rank,10.009000000000002,0,1,-1,35.0,0.6319843907651956,100,1.6793291741065994
low-rank,10.009000000000002,0,1,-1,40.0,0.6686876071115994,100,1.672626912379808
low-rank,10.009000000000002,0,1,-1,45.0,0.7064435169178322,100,1.6649916196517822
low-rank,10.009000000000002,0,1,-1,50.0,0.7462268306350788,100,1.6563395059957984
low-rank,10.009000000000002,0,1,-1,60.0,0.8358514762611909,100,1.6350149904043283
low-rank,10.009000000000002,0,1,-1,70.0,0.9487925433969234,100,1.606595395020329
low-rank,10.009000000000002,0,1,-1,75.0,1.0201570007660854,100,1.5881409895135552
low-rank,10.009000000000002,0,1,-1,80.0,1.1085639866000505,100,1.5656290480529955
low-rank,10.009000000000002,0,1,-1,82.13,1.15431162163711,100,1.5541329777863109
low-rank,10.009000000000002,0,1,-1,85.0,1.226466551597765,100,1.5363059343037282
low-rank,10.009000000000002,0,1,-1,90.0,1.4002874238047254,100,1.4949211088592746
low-rank,10.009000000000002,0,1,-1,95.0,1.727522416130316,100,1.427125842301301
low-rank,10.009000000000002,0,1,-1,99.0,2.6776819324443752,100,1.292275714931744
low-rank,10.009000000000002,0,1,-1,99.73,3.684477608434201,100,1.211632581513976
low-rank,50.045,0,1,-1,5.0,0.4439905578638477,500,1.8534671946627357
low-rank,50.045,0,1,-1,10.0,0.4942300975593839,500,1.838749556487351
low-rank,50.045,0,1,-1,15.0,0.5329758196470072,500,1.826271479275709
low-rank,50.045,0,1,-1,20.0,0.5670738527471574,500,1.8148772084388496
low-rank,50.045,0,1,-1,25.0,0.5994746758017256,500,1.803279015671312
low-rank,50.045,0,1,-1,30.0,0.6314760924505436,500,1.791214252572689
low-rank,50.045,0,1,-1,35.0,0.6644858200731009,500,1.7785467287254948
low-rank,50.045,0,1,-1,40.0,0.6966688620076736,500,1.766076844224504
low-rank,50.045,0,1,-1,45.0,0.7307932216174162,500,1.7528534135182854
low-rank,50.045,0,1,-1,50.0,0.7673433230479278,500,1.738623532928139
low-rank,50.045,0,1,-1,60.0,0.8509510071996784,500,1.706195154881998
low-rank,50.045,0,1,-1,70.0,0.9558493628000044,500,1.666026603398086
low-rank,50.045,0,1,-1,75.0,1.0233474274001395,500,1.6414002671846213
low-rank,50.045,0,1,-1,80.0,1.1071818058349272,500,1.6121980644682756
low-rank,50.045,0,1,-1,82.13,1.1498821977597635,500,1.597613227845725
low-rank,50.045,0,1,-1,85.0,1.2168613314611143,500,1.5758515777783555
low-rank,50.045,0,1,-1,90.0,1.3774806925823035,500,1.5278479698036032
low-rank,50.045,0,1,-1,95.0,1.6824359422701172,500,1.4505675818015873
low-rank,50.045,0,1,-1,99.0,2.576635166493888,500,1.3027020466961825
low-rank,50.045,0,1,-1,99.73,3.6317356879597775,500,1.2119278082392495
full-rank,2.0,0,0,0,5.0,0.1599704741544002,2,0.8984411199544081
full-rank,2.0,0,0,0,10.0,0.2315298020161068,2,1.0424078697984138
full-rank,2.0,0,0,0,15.0,0.2899395937154316,2,1.1368802013591672
full-rank,2.0,0,0,0,20.0,0.3425100224773728,2,1.2057775851407506
full-rank,2.0,0,0,0,25.0,0.3919090164817693,2,1.2606015937398471
full-rank,2.0,0,0,0,30.0,0.4403373026734266,2,1.305535523549493
full-rank,2.0,0,0,0,35.0,0.4888863446659139,2,1.3438867439499602
full-rank,2.0,0,0,0,40.0,0.5383591037498763,2,1.3771767654630138
full-rank,2.0,0,0,0,45.0,0.5890782279045822,2,1.405014395304217
full-rank,2.0,0,0,0,50.0,0.642249620175046,2,1.4291197773776612
full-rank,2.0,0,0,0,60.0,0.7601991523362367,2,1.4649525884901402
full-rank,2.0,0,0,0,70.0,0.906639513027579,2,1.4878912630713357
full-rank,2.0,0,0,0,75.0,0.997967959552708,2,1.4940649686200158
full-rank,2.0,0,0,0,80.0,1.1106072326636578,2,1.4955013302733744
full-rank,2.0,0,0,0,82.13,1.1662576249518617,2,1.494689506520508
full-rank,2.0,0,0,0,85.0,1.256016089919724,2,1.4908536219674242
full-rank,2.0,0,0,0,90.0,1.4677689036016075,2,1.4751844856363598
full-rank,2.0,0,0,0,95.0,1.857616228267182,2,1.434320681276657
full-rank,2.0,0,0,0,99.0,2.977532659992681,2,1.324007459475894
full-rank,2.0,0,0,0,99.73,4.0387939409929015,2,1.2481973380217963
full-rank,5.0,0,0,0,5.0,0.3096606950124711,5,1.4887294343312345
full-rank,5.0,0,0,0,10.0,0.3762398105707885,5,1.5347605399148252
full-rank,5.0,0,0,0,15.0,0.4271298233981465,5,1.560377126628054
full-rank,5.0,0,0,0,20.0,0.4717998344012444,5,1.5776688672660664
full-rank,5.0,0,0,0,25.0,0.5133492184118261,5,1.5894447310386215
full-rank,5.0,0,0,0,30.0,0.5535602609517587,5,1.5980500347875122
full-rank,5.0,0,0,0,35.0,0.5935247262730755,5,1.6036699012083884
full-rank,5.0,0,0,0,40.0,0.6339189369509001,5,1.6071945971418276
full-rank,5.0,0,0,0,45.0,0.6753611371348458,5,1.6084677661637754
full-rank,5.0,0,0,0,50.0,0.7191799527266676,5,1.608070117233917
full-rank,5.0,0,0,0,60.0,0.8177899057951807,5,1.601495847644437
full-rank,5.0,0,0,0,70.0,0.9408143859007568,5,1.585784592796706
full-rank,5.0,0,0,0,75.0,1.0175292443270485,5,1.5737213988671823
full-rank,5.0,0,0,0,80.0,1.1125803269011347,5,1.557255156625566
full-rank,5.0,0,0,0,82.13,1.1604298472278298,5,1.5485222145458015
full-rank,5.0,0,0,0,85.0,1.2374951719036549,5,1.5339750115503734
full-rank,5.0,0,0,0,90.0,1.4213310860374484,5,1.4998598545181707
full-rank,5.0,0,0,0,95.0,1.760856804870489,5,1.4395858699560606
full-rank,5.0,0,0,0,99.0,2.7556027711289914,5,1.3087472608743944
full-rank,5.0,0,0,0,99.73,3.721492517991451,5,1.2314860456324426
full-rank,10.000000000000002,0,0,0,5.0,0.3790370563304331,10,1.733116578079413
full-rank,10.000000000000002,0,0,0,10.0,0.4379969419489423,10,1.7358837099411493
full-rank,10.000000000000002,0,0,0,15.0,0.4835675522171979,10,1.7342999227683131
full-rank,10.000000000000002,0,0,0,20.0,0.5229333896051706,10,1.730804832793492
full-rank,10.000000000000002,0,0,0,25.0,0.5598096600632426,10,1.725839489288155
full-rank,10.000000000000002,0,0,0,30.0,0.5955414606380566,10,1.7199388110519556
full-rank,10.000000000000002,0,0,0,35.0,0.6311171308104344,10,1.712941117552561
full-rank,10.000000000000002,0,0,0,40.0,0.6675375851518988,10,1.7049692195519663
full-rank,10.000000000000002,0,0,0,45.0,0.7049870745156959,10,1.6960759669890588
full-rank,10.000000000000002,0,0,0,50.0,0.7450464625053836,10,1.686216704593697
full-rank,10.000000000000002,0,0,0,60.0,0.8351529131458681,10,1.6619256979332535
full-rank,10.000000000000002,0,0,0,70.0,0.9477839711391756,10,1.6299158896589592
full-rank,10.000000000000002,0,0,0,75.0,1.0191867036132145,10,1.6093257183226877
full-rank,10.000000000000002,0,0,0,80.0,1.1074481036170296,10,1.5840707089061423
full-rank,10.000000000000002,0,0,0,82.13,1.1515263115038177,10,1.5717354805873278
full-rank,10.000000000000002,0,0,0,85.0,1.223512711069609,10,1.5518653954151629
full-rank,10.000000000000002,0,0,0,90.0,1.395976144404956,10,1.507568649532572
full-rank,10.000000000000002,0,0,0,95.0,1.719246501170144,10,1.4353811357167987
full-rank,10.000000000000002,0,0,0,99.0,2.6621299005458936,10,1.2943166748029362
full-rank,10.000000000000002,0,0,0,99.73,3.565671310864139,10,1.2156917024156682
full-rank,20.000000000000004,0,0,0,5.0,0.4173278332428441,20,1.8210749338486625
full-rank,20.000000000000004,0,0,0,10.0,0.4714890108681296,20,1.8120073755200603
full-rank,20.000000000000004,0,0,0,15.0,0.5131247282380338,20,1.8032401741369144
full-rank,20.000000000000004,0,0,0,20.0,0.5497149292704597,20,1.7942463595784373
full-rank,20.000000000000004,0,0,0,25.0,0.584138376731201,20,1.784865888227158
full-rank,20.000000000000004,0,0,0,30.0,0.6175235732587713,20,1.775253057800885
full-rank,20.000000000000004,0,0,0,35.0,0.6509249505295744,20,1.765305736446258
full-rank,20.000000000000004,0,0,0,40.0,0.6850909917234781,20,1.7544865963028902
full-rank,20.000000000000004,0,0,0,45.0,0.7205952052398593,20,1.742997716559512
full-rank,20.000000000000004,0,0,0,50.0,0.75840585235658,20,1.7304841425213
full-rank,20.000000000000004,0,0,0,60.0,0.8434969764682482,20,1.7019991958704586
full-rank,20.000000000000004,0,0,0,70.0,0.9509094124774606,20,1.666045090933205
full-rank,20.000000000000004,0,0,0,75.0,1.0192146456054012,20,1.6436737905866334
full-rank,20.000000000000004,0,0,0,80.0,1.1039078681648664,20,1.6166033852604664
full-rank,20.000000000000004,0,0,0,82.13,1.1465831066012202,20,1.6032910926165531
full-rank,20.000000000000004,0,0,0,85.0,1.2164353937262191,20,1.58215050816327
full-rank,20.000000000000004,0,0,0,90.0,1.384004121681785,20,1.5352021685181
full-rank,20.000000000000004,0,0,0,95.0,1.6949449847529328,20,1.4605559414425262
full-rank,20.000000000000004,0,0,0,99.0,2.6094303259821685,20,1.3127411605932224
full-rank,20.000000000000004,0,0,0,99.73,3.487486651597694,20,1.231032628504147
full-rank,50.0,0,0,0,5.0,0.4415280949113693,50,1.9020221895817515
full-rank,50.0,0,0,0,10.0,0.4920205487929497,50,1.8857373359772267
full-rank,50.0,0,0,0,15.0,0.5311146766322931,50,1.8719135931452449
full-rank,50.0,0,0,0,20.0,0.5658886717531367,50,1.8588758920872623
full-rank,50.0,0,0,0,25.0,0.5988055657170513,50,1.8460850117909784
full-rank,50.0,0,0,0,30.0,0.6306392845175327,50,1.8333650918156117
full-rank,50.0,0,0,0,35.0,0.6625804212266412,50,1.820370264256781
full-rank,50.0,0,0,0,40.0,0.6953896012301669,50,1.8067942661499876
full-rank,50.0,0,0,0,45.0,0.7294506696211401,50,1.7926769872880624
full-rank,50.0,0,0,0,50.0,0.7660221411297541,50,1.777424544780115
full-rank,50.0,0,0,0,60.0,0.8486545180886956,50,1.7433131536535955
full-rank,50.0,0,0,0,70.0,0.9530817943183428,50,1.701370018448254
full-rank,50.0,0,0,0,75.0,1.020086733676543,50,1.67549172758466
full-rank,50.0,0,0,0,80.0,1.102456346700465,50,1.6451714051685444
full-rank,50.0,0,0,0,82.13,1.1446512372683098,50,1.6302318166179168
full-rank,50.0,0,0,0,85.0,1.2124263490314342,50,1.6070467710191163
full-rank,50.0,0,0,0,90.0,1.3742303095098587,50,1.556150097275548
full-rank,50.0,0,0,0,95.0,1.6820886123931005,50,1.4744432720430347
full-rank,50.0,0,0,0,99.0,2.5904720021122785,50,1.317133229997545
full-rank,50.0,0,0,0,99.73,3.478000596921772,50,1.231969271365295
full-rank,100.00000000000004,0,0,0,5.0,0.4498070327727666,100,1.9218324659164887
full-rank,100.00000000000004,0,0,0,10.0,0.4991685127229706,100,1.903022821056407
full-rank,100.00000000000004,0,0,0,15.0,0.537504944007737,100,1.887420689337188
full-rank,100.00000000000004,0,0,0,20.0,0.57172069426334,100,1.8731089572406727
full-rank,100.00000000000004,0,0,0,25.0,0.6039996892298887,100,1.859176787916778
full-rank,100.00000000000004,0,0,0,30.0,0.6353679063166728,100,1.845463481411658
full-rank,100.00000000000004,0,0,0,35.0,0.6668198553165277,100,1.831564495021908
full-rank,100.00000000000004,0,0,0,40.0,0.6990551400549441,100,1.817218019786193
full-rank,100.00000000000004,0,0,0,45.0,0.7328622287723014,100,1.8021672720089457
full-rank,100.00000000000004,0,0,0,50.0,0.7686753719695292,100,1.7862637039638198
full-rank,100.00000000000004,0,0,0,60.0,0.8499103862009983,100,1.7508352226844388
full-rank,100.00000000000004,0,0,0,70.0,0.9536203236908672,100,1.707276018508861
full-rank,100.00000000000004,0,0,0,75.0,1.0193345863476035,100,1.6809231119521162
full-rank,100.00000000000004,0,0,0,80.0,1.101597325628687,100,1.6495185177143814
full-rank,100.00000000000004,0,0,0,82.13,1.142521713370355,100,1.6345107965121768
full-rank,100.00000000000004,0,0,0,85.0,1.2098275410627202,100,1.6107410224008294
full-rank,100.00000000000004,0,0,0,90.0,1.3719210845669814,100,1.5582434714752256
full-rank,100.00000000000004,0,0,0,95.0,1.6774936722378695,100,1.4753633631071257
full-rank,100.00000000000004,0,0,0,99.0,2.587550425714923,100,1.3162596097497037
full-rank,100.00000000000004,0,0,0,99.73,3.491363670925064,100,1.230215619413681
full-rank,500.00000000000017,0,0,0,5.0,0.4571222832268472,500,1.9230793004656608
full-rank,500.00000000000017,0,0,0,10.0,0.5056341119335833,500,1.903864643140324
full-rank,500.00000000000017,0,0,0,15.0,0.5434294255783237,500,1.8877631243400437
full-rank,500.00000000000017,0,0,0,20.0,0.5767882012207484,500,1.873236871836404
full-rank,500.00000000000017,0,0,0,25.0,0.6084529981193137,500,1.859021601424529
full-rank,500.00000000000017,0,0,0,30.0,0.6394047525378344,500,1.845086925448728
full-rank,500.00000000000017,0,0,0,35.0,0.6704493620191688,500,1.831055908085164
full-rank,500.00000000000017,0,0,0,40.0,0.7023238913937196,500,1.816270721343976
full-rank,500.00000000000017,0,0,0,45.0,0.7355575778659578,500,1.8012710216227896
full-rank,500.00000000000017,0,0,0,50.0,0.7714524907944097,500,1.785007591393769
full-rank,500.00000000000017,0,0,0,60.0,0.8523597156488295,500,1.7491243617032048
full-rank,500.00000000000017,0,0,0,70.0,0.9548424881260416,500,1.7054010874501877
full-rank,500.00000000000017,0,0,0,75.0,1.0202994140840598,500,1.6788114274037789
full-rank,500.00000000000017,0,0,0,80.0,1.102026450837328,500,1.6472065866662329
full-rank,500.00000000000017,0,0,0,82.13,1.1430998022148708,500,1.6319802837509394
full-rank,500.00000000000017,0,0,0,85.0,1.210059230827389,500,1.60811803611925
full-rank,500.00000000000017,0,0,0,90.0,1.3723321561437645,500,1.555066642541412
full-rank,500.00000000000017,0,0,0,95.0,1.6781286149591583,500,1.4715403151857211
full-rank,500.00000000000017,0,0,0,99.0,2.5760853994904283,500,1.3131826180798003
full-rank,500.00000000000017,0,0,0,99.73,3.4775210647087795,500,1.2266405174006796
half-rank,1.005,0,0,0,5.0,0.0678553742421825,2,0.4325328834658724
half-rank,1.005,0,0,0,10.0,0.1102079787020503,2,0.5353664795819675
half-rank,1.005,0,0,0,15.0,0.1541794386938688,2,0.6561400715984668
half-rank,1.005,0,0,0,20.0,0.1996739271616958,2,0.761543726977463
half-rank,1.005,0,0,0,25.0,0.2473419103274676,2,0.8555344380506379
half-rank,1.005,0,0,0,30.0,0.2973956082123221,2,0.9400718454285786
half-rank,1.005,0,0,0,35.0,0.3499421076721887,2,1.016518883969148
half-rank,1.005,0,0,0,40.0,0.4049854762967181,2,1.0835561521810158
half-rank,1.005,0,0,0,45.0,0.4635034090777656,2,1.1433453106017484
half-rank,1.005,0,0,0,50.0,0.5253145447020555,2,1.1966787474455904
half-rank,1.005,0,0,0,60.0,0.6659795069201461,2,1.287682706519239
half-rank,1.005,0,0,0,70.0,0.8412071788308843,2,1.359788145569025
half-rank,1.005,0,0,0,75.0,0.9502943420410198,2,1.3866656388337868
half-rank,1.005,0,0,0,80.0,1.083074976655757,2,1.4076932528916062
half-rank,1.005,0,0,0,82.13,1.14978036682858,2,1.4143157339811496
half-rank,1.005,0,0,0,85.0,1.2572726435309425,2,1.4202760917920525
half-rank,1.005,0,0,0,90.0,1.5074132754645475,2,1.4224895344465884
half-rank,1.005,0,0,0,95.0,1.9568118255149407,2,1.3982073960333576
half-rank,1.005,0,0,0,99.0,3.209582373682664,2,1.300097420634949
half-rank,1.005,0,0,0,99.73,4.39133190162383,2,1.231593217972316
half-rank,2.5000000000000004,0,0,0,5.0,0.2670544724476059,5,1.398430468269958
half-rank,2.5000000000000004,0,0,0,10.0,0.3311331956964153,5,1.4614220181832664
half-rank,2.5000000000000004,0,0,0,15.0,0.3817865789324745,5,1.4998968055164836
half-rank,2.5000000000000004,0,0,0,20.0,0.4270290957817265,5,1.5272409185033835
half-rank,2.5000000000000004,0,0,0,25.0,0.4694085918135767,5,1.547196392990391
half-rank,2.5000000000000004,0,0,0,30.0,0.5108719453657079,5,1.5626869448771952
half-rank,2.5000000000000004,0,0,0,35.0,0.5526669296051857,5,1.5751043651488392
half-rank,2.5000000000000004,0,0,0,40.0,0.5951303907617723,5,1.584269799498866
half-rank,2.5000000000000004,0,0,0,45.0,0.6397486106765378,5,1.5909868819624406
half-rank,2.5000000000000004,0,0,0,50.0,0.6867944525910756,5,1.5949506967938307
half-rank,2.5000000000000004,0,0,0,60.0,0.7920560395120266,5,1.5956680843554578
half-rank,2.5000000000000004,0,0,0,70.0,0.9237450140960928,5,1.5869068711642396
half-rank,2.5000000000000004,0,0,0,75.0,1.0064784932694717,5,1.5770125414406897
half-rank,2.5000000000000004,0,0,0,80.0,1.1090999862250748,5,1.5617680486058247
half-rank,2.5000000000000004,0,0,0,82.13,1.1600474887133096,5,1.5535566829709706
half-rank,2.5000000000000004,0,0,0,85.0,1.243174206053718,5,1.5403054372169973
half-rank,2.5000000000000004,0,0,0,90.0,1.4416925096466164,5,1.506000421636975
half-rank,2.5000000000000004,0,0,0,95.0,1.8085184842740127,5,1.4441554455026908
half-rank,2.5000000000000004,0,0,0,99.0,2.8626721528550685,5,1.3122450051863153
half-rank,2.5000000000000004,0,0,0,99.73,3.8762435866505,5,1.2363528344687458
half-rank,5.005,0,0,0,5.0,0.3103964557671778,10,1.517313242302077
half-rank,5.005,0,0,0,10.0,0.3772679624679456,10,1.56064535609434
half-rank,5.005,0,0,0,15.0,0.428279793207358,10,1.5847781713265354
half-rank,5.005,0,0,0,20.0,0.4728421863260306,10,1.6005212093224874
half-rank,5.005,0,0,0,25.0,0.5144248764571837,10,1.6114784902302473
half-rank,5.005,0,0,0,30.0,0.5546528812611942,10,1.6192573564095114
half-rank,5.005,0,0,0,35.0,0.5947128193810012,10,1.6245352373831132
half-rank,5.005,0,0,0,40.0,0.635369874748302,10,1.6277373978588665
half-rank,5.005,0,0,0,45.0,0.6771263371638493,10,1.6291462164626973
half-rank,5.005,0,0,0,50.0,0.7211830131727179,10,1.6288729835033176
half-rank,5.005,0,0,0,60.0,0.8195055036935563,10,1.62294714508743
half-rank,5.005,0,0,0,70.0,0.9420782645546396,10,1.6087303708586749
half-rank,5.005,0,0,0,75.0,1.0195144334451167,10,1.5972069503578263
half-rank,5.005,0,0,0,80.0,1.113999083083236,10,1.5814628518616245
half-rank,5.005,0,0,0,82.13,1.161712315222456,10,1.5730131079459038
half-rank,5.005,0,0,0,85.0,1.2391834352584892,10,1.5592587844406431
half-rank,5.005,0,0,0,90.0,1.4234916129897084,10,1.524872427779453
half-rank,5.005,0,0,0,95.0,1.7669550363069315,10,1.4644559532342558
half-rank,5.005,0,0,0,99.0,2.75596837815494,10,1.3316164866149462
half-rank,5.005,0,0,0,99.73,3.71144844173066,10,1.2500410446358086
half-rank,10.005000000000004,0,0,0,5.0,0.3789184480596094,20,1.726617990797345
half-rank,10.005000000000004,0,0,0,10.0,0.4380132339160891,20,1.7305270998411588
half-rank,10.005000000000004,0,0,0,15.0,0.4831974688018213,20,1.729811703710778
half-rank,10.005000000000004,0,0,0,20.0,0.5226538429700155,20,1.727022508576594
half-rank,10.005000000000004,0,0,0,25.0,0.5599025766590102,20,1.7228246083219525
half-rank,10.005000000000004,0,0,0,30.0,0.5956302189586022,20,1.7174832562977762
half-rank,10.005000000000004,0,0,0,35.0,0.631449599339012,20,1.7111142770167544
half-rank,10.005000000000004,0,0,0,40.0,0.6677991013397739,20,1.7037164343506384
half-rank,10.005000000000004,0,0,0,45.0,0.7054353842194538,20,1.6954996405552518
half-rank,10.005000000000004,0,0,0,50.0,0.7454061003922133,20,1.6859495272104483
half-rank,10.005000000000004,0,0,0,60.0,0.8352246040064549,20,1.6631951151129716
half-rank,10.005000000000004,0,0,0,70.0,0.9478684364110386,20,1.6329085861541204
half-rank,10.005000000000004,0,0,0,75.0,1.019178165548778,20,1.613230915700229
half-rank,10.005000000000004,0,0,0,80.0,1.1070793439765854,20,1.5892994093702844
half-rank,10.005000000000004,0,0,0,82.13,1.1519713958939095,20,1.5773809162359234
half-rank,10.005000000000004,0,0,0,85.0,1.2242922066829909,20,1.5581174133351026
half-rank,10.005000000000004,0,0,0,90.0,1.3970164278870325,20,1.514731007411184
half-rank,10.005000000000004,0,0,0,95.0,1.7230564468777427,20,1.4432818869941677
half-rank,10.005000000000004,0,0,0,99.0,2.666125218894027,20,1.3004428780136614
half-rank,10.005000000000004,0,0,0,99.73,3.557357023188705,20,1.2225470543971884
half-rank,25.005,0,0,0,5.0,0.425334487844747,50,1.874049770624952
half-rank,25.005,0,0,0,10.0,0.4782742679397334,50,1.8619817281940536
half-rank,25.005,0,0,0,15.0,0.5188675448778355,50,1.8509800479122072
half-rank,25.005,0,0,0,20.0,0.554683518468066,50,1.840178979272308
half-rank,25.005,0,0,0,25.0,0.5885335061148773,50,1.8290425822227443
half-rank,25.005,0,0,0,30.0,0.6215833000686392,50,1.8177831568263223
half-rank,25.005,0,0,0,35.0,0.6545310383956648,50,1.8060188996443765
half-rank,25.005,0,0,0,40.0,0.6881343567175174,50,1.7937574378342271
half-rank,25.005,0,0,0,45.0,0.7234168227863201,50,1.780626136748786
half-rank,25.005,0,0,0,50.0,0.760818216753721,50,1.7665140242335209
half-rank,25.005,0,0,0,60.0,0.8447696794185291,50,1.7347034793456029
half-rank,25.005,0,0,0,70.0,0.951668146385244,50,1.694748549344303
half-rank,25.005,0,0,0,75.0,1.0192436244241472,50,1.670177126895482
half-rank,25.005,0,0,0,80.0,1.1033223900150189,50,1.64045135255468
half-rank,25.005,0,0,0,82.13,1.1459169118735375,50,1.6259703302815245
half-rank,25.005,0,0,0,85.0,1.2147555216774817,50,1.6032558974910749
half-rank,25.005,0,0,0,90.0,1.3802812086480682,50,1.5528972005206303
half-rank,25.005,0,0,0,95.0,1.6928105029772045,50,1.4722896137106407
half-rank,25.005,0,0,0,99.0,2.604179678694972,50,1.3165910509527536
half-rank,25.005,0,0,0,99.73,3.487340192279704,50,1.2329453050753405
half-rank,50.005,0,0,0,5.0,0.4418805597405573,100,1.883684013884874
half-rank,50.005,0,0,0,10.0,0.4923687728169862,100,1.8683970550878504
half-rank,50.005,0,0,0,15.0,0.5310679122906129,100,1.8554878741857057
half-rank,50.005,0,0,0,20.0,0.5659445986725606,100,1.843155201694768
half-rank,50.005,0,0,0,25.0,0.5986257807958166,100,1.831046834539028
half-rank,50.005,0,0,0,30.0,0.630491955432235,100,1.8189034525516945
half-rank,50.005,0,0,0,35.0,0.6625601754324483,100,1.806440399022152
half-rank,50.005,0,0,0,40.0,0.6954804902678614,100,1.793543055759399
half-rank,50.005,0,0,0,45.0,0.7298327975649795,100,1.779817484578203
half-rank,50.005,0,0,0,50.0,0.7661152550765854,100,1.7653482318319
half-rank,50.005,0,0,0,60.0,0.8492544282333157,100,1.7321967175305888
half-rank,50.005,0,0,0,70.0,0.9534246144121112,100,1.6917473476015967
half-rank,50.005,0,0,0,75.0,1.0199702230382968,100,1.6667816338427937
half-rank,50.005,0,0,0,80.0,1.1029270932989812,100,1.637009884857671
half-rank,50.005,0,0,0,82.13,1.144793768971037,100,1.622559583965933
half-rank,50.005,0,0,0,85.0,1.2126228938082195,100,1.5999457850825594
half-rank,50.005,0,0,0,90.0,1.3766913922602506,100,1.5492665895885134
half-rank,50.005,0,0,0,95.0,1.6850779800123217,100,1.4689397555373245
half-rank,50.005,0,0,0,99.0,2.584653786434461,100,1.3144408861041812
half-rank,50.005,0,0,0,99.73,3.4694541104876606,100,1.2299343728447056
half-rank,250.0050000000001,0,0,0,5.0,0.4550294730944344,500,1.9125388056296373
half-rank,250.0050000000001,0,0,0,10.0,0.5036454281723268,500,1.8938574976244893
half-rank,250.0050000000001,0,0,0,15.0,0.5416404858510185,500,1.8784812843393195
half-rank,250.0050000000001,0,0,0,20.0,0.5755382972440832,500,1.864096310373947
half-rank,250.0050000000001,0,0,0,25.0,0.6072592262107714,500,1.850262976399028
half-rank,250.0050000000001,0,0,0,30.0,0.638214219571376,500,1.8367356614193449
half-rank,250.0050000000001,0,0,0,35.0,0.6697623946017004,500,1.8227353211799917
half-rank,250.0050000000001,0,0,0,40.0,0.7018044266707434,500,1.8082954502108115
half-rank,250.0050000000001,0,0,0,45.0,0.7353097031519293,500,1.793477508624623
half-rank,250.0050000000001,0,0,0,50.0,0.7709599664265315,500,1.7777718383247685
half-rank,250.0050000000001,0,0,0,60.0,0.8515324030158558,500,1.742736270364842
half-rank,250.0050000000001,0,0,0,70.0,0.9543230940552068,500,1.6996214316646543
half-rank,250.0050000000001,0,0,0,75.0,1.020066305155313,500,1.6733632583895026
half-rank,250.0050000000001,0,0,0,80.0,1.1020156169224498,500,1.642005298748138
half-rank,250.0050000000001,0,0,0,82.13,1.143534593759189,500,1.626831892827476
half-rank,250.0050000000001,0,0,0,85.0,1.2102017326068846,500,1.6033015559641342
half-rank,250.0050000000001,0,0,0,90.0,1.3712569225167563,500,1.5512108188354987
half-rank,250.0050000000001,0,0,0,95.0,1.6739955167464464,500,1.4692391858588871
half-rank,250.0050000000001,0,0,0,99.0,2.572081731974167,500,1.3116111164107995
half-rank,250.0050000000001,0,0,0,99.73,3.430680613568699,500,1.2281638745690115
low-rank,1.0001,0,0,0,5.0,0.0480976923378261,2,0.3129344405263154
low-rank,1.0001,0,0,0,10.0,0.0951100589220352,2,0.4010039662466444
low-rank,1.0001,0,0,0,15.0,0.142936667179226,2,0.5399526629084215
low-rank,1.0001,0,0,0,20.0,0.1918549248769192,2,0.6596950801878971
low-rank,1.0001,0,0,0,25.0,0.2414790101766388,2,0.7606278304348838
low-rank,1.0001,0,0,0,30.0,0.2928414991364034,2,0.8466889424519217
low-rank,1.0001,0,0,0,35.0,0.3467251817576088,2,0.9228221610601456
low-rank,1.0001,0,0,0,40.0,0.402194329970876,2,0.9889571718850244
low-rank,1.0001,0,0,0,45.0,0.4609896044463362,2,1.0476015876093538
low-rank,1.0001,0,0,0,50.0,0.5232483161659239,2,1.0992533408436571
low-rank,1.0001,0,0,0,60.0,0.6641439244828267,2,1.187047283089142
low-rank,1.0001,0,0,0,70.0,0.8395265996353165,2,1.254388068085546
low-rank,1.0001,0,0,0,75.0,0.9487805352407156,2,1.2815547262783988
low-rank,1.0001,0,0,0,80.0,1.0817352915629788,2,1.3037634399636058
low-rank,1.0001,0,0,0,82.13,1.147797749247957,2,1.311481949637795
low-rank,1.0001,0,0,0,85.0,1.2535349760005845,2,1.320696658019073
low-rank,1.0001,0,0,0,90.0,1.502321116284269,2,1.3293377176436352
low-rank,1.0001,0,0,0,95.0,1.9552601696013627,2,1.3255396808363036
low-rank,1.0001,0,0,0,99.0,3.2202785772270723,2,1.266026446723097
low-rank,1.0001,0,0,0,99.73,4.406226550757566,2,1.2134599953241196
low-rank,1.0004,0,0,0,5.0,0.0500964604285512,5,0.3337295298798363
low-rank,1.0004,0,0,0,10.0,0.0955529258974018,5,0.4329252321692108
low-rank,1.0004,0,0,0,15.0,0.1431231002575632,5,0.548725070911563
low-rank,1.0004,0,0,0,20.0,0.1915498758993301,5,0.6626909525446618
low-rank,1.0004,0,0,0,25.0,0.2414004358216,5,0.762135941236272
low-rank,1.0004,0,0,0,30.0,0.2925410206022614,5,0.8508288653651207
low-rank,1.0004,0,0,0,35.0,0.345984244995392,5,0.9290600004327632
low-rank,1.0004,0,0,0,40.0,0.4023764937677905,5,0.9999379395776872
low-rank,1.0004,0,0,0,45.0,0.4612647394138738,5,1.0620910082815682
low-rank,1.0004,0,0,0,50.0,0.5238533405994842,5,1.1173212083603412
low-rank,1.0004,0,0,0,60.0,0.6651819104266345,5,1.2088120899176948
low-rank,1.0004,0,0,0,70.0,0.8412639511800523,5,1.2772802680280884
low-rank,1.0004,0,0,0,75.0,0.9509347534308696,5,1.303487444284394
low-rank,1.0004,0,0,0,80.0,1.0846940665949805,5,1.3226304752375604
low-rank,1.0004,0,0,0,82.13,1.1501625001650388,5,1.3292427147072694
low-rank,1.0004,0,0,0,85.0,1.2558440477585509,5,1.335380229400094
low-rank,1.0004,0,0,0,90.0,1.506200497041409,5,1.3387391974195595
low-rank,1.0004,0,0,0,95.0,1.957351147924406,5,1.32210013640977
low-rank,1.0004,0,0,0,99.0,3.2142812964542475,5,1.248953386440416
low-rank,1.0004,0,0,0,99.73,4.369495252942222,5,1.1957567752264164
low-rank,1.0009,0,0,0,5.0,0.053655843025754,10,0.295401512932907
low-rank,1.0009,0,0,0,10.0,0.098326461161664,10,0.4009589070773864
low-rank,1.0009,0,0,0,15.0,0.1444453876733827,10,0.5233094407513845
low-rank,1.0009,0,0,0,20.0,0.1924077083472768,10,0.6386878528760629
low-rank,1.0009,0,0,0,25.0,0.2421598582384138,10,0.7407543895723232
low-rank,1.0009,0,0,0,30.0,0.2934998419715551,10,0.8274296838020487
low-rank,1.0009,0,0,0,35.0,0.3467637728215457,10,0.90451211885161
low-rank,1.0009,0,0,0,40.0,0.4026058457627789,10,0.9688756621197776
low-rank,1.0009,0,0,0,45.0,0.4614749286915119,10,1.027081291376958
low-rank,1.0009,0,0,0,50.0,0.5241678303505214,10,1.0783767835026994
low-rank,1.0009,0,0,0,60.0,0.6647190548288348,10,1.1637052312147949
low-rank,1.0009,0,0,0,70.0,0.8399433489544809,10,1.2320761630840298
low-rank,1.0009,0,0,0,75.0,0.9489101533266612,10,1.2602666120482375
low-rank,1.0009,0,0,0,80.0,1.082362971577071,10,1.28247870344485
low-rank,1.0009,0,0,0,82.13,1.1492309451039269,10,1.2903385833478722
low-rank,1.0009,0,0,0,85.0,1.2548614268382583,10,1.3000251349913765
low-rank,1.0009,0,0,0,90.0,1.5042196655941436,10,1.308240835110534
low-rank,1.0009,0,0,0,95.0,1.956147188969652,10,1.2995770324533351
low-rank,1.0009,0,0,0,99.0,3.228357281424881,10,1.2371285774414564
low-rank,1.0009,0,0,0,99.73,4.403737322636126,10,1.1883117073490972
low-rank,2.0018,0,0,0,5.0,0.162149813017306,20,0.8739998486108707
low-rank,2.0018,0,0,0,10.0,0.2336221864750412,20,1.0192848104873715
low-rank,2.0018,0,0,0,15.0,0.2914350113109389,20,1.1123531544308631
low-rank,2.0018,0,0,0,20.0,0.3442659309396847,20,1.1820950432299988
low-rank,2.0018,0,0,0,25.0,0.3938082277780262,20,1.236849377280553
low-rank,2.0018,0,0,0,30.0,0.4425621207561833,20,1.2810600951333508
low-rank,2.0018,0,0,0,35.0,0.4910421655544401,20,1.3178196528412218
low-rank,2.0018,0,0,0,40.0,0.5401131456160115,20,1.3489681375094726
low-rank,2.0018,0,0,0,45.0,0.5908254518549758,20,1.375865543076951
low-rank,2.0018,0,0,0,50.0,0.6437211889120751,20,1.398092317609303
low-rank,2.0018,0,0,0,60.0,0.7619886459938975,20,1.4329305386069855
low-rank,2.0018,0,0,0,70.0,0.9082397793634084,20,1.4551685309007023
low-rank,2.0018,0,0,0,75.0,1.0002587313550166,20,1.4615683710964638
low-rank,2.0018,0,0,0,80.0,1.1116097585910016,20,1.4634754797910472
low-rank,2.0018,0,0,0,82.13,1.167319150593355,20,1.4620732367025155
low-rank,2.0018,0,0,0,85.0,1.2563145551951476,20,1.458242522057056
low-rank,2.0018,0,0,0,90.0,1.4685204219841927,20,1.4445124331697057
low-rank,2.0018,0,0,0,95.0,1.860415433133859,20,1.408169297481187
low-rank,2.0018,0,0,0,99.0,2.990491016205055,20,1.3054589598236692
low-rank,2.0018,0,0,0,99.73,4.033715067688664,20,1.2387581305299245
low-rank,5.004500000000001,0,0,0,5.0,0.309973625629594,50,1.5541401977980718
low-rank,5.004500000000001,0,0,0,10.0,0.377049538813934,50,1.5959485127414068
low-rank,5.004500000000001,0,0,0,15.0,0.428069670158926,50,1.618603577031742
low-rank,5.004500000000001,0,0,0,20.0,0.4727315854830796,50,1.632630565463914
low-rank,5.004500000000001,0,0,0,25.0,0.5138850838407761,50,1.641828360490341
low-rank,5.004500000000001,0,0,0,30.0,0.5539493033866302,50,1.6477160064678666
low-rank,5.004500000000001,0,0,0,35.0,0.5937540032260709,50,1.650293709832748
low-rank,5.004500000000001,0,0,0,40.0,0.6344625222669767,50,1.651281067503278
low-rank,5.004500000000001,0,0,0,45.0,0.6764884263982031,50,1.6500334937407473
low-rank,5.004500000000001,0,0,0,50.0,0.7203853858174782,50,1.647097075419993
low-rank,5.004500000000001,0,0,0,60.0,0.818578018083976,50,1.6348287451011088
low-rank,5.004500000000001,0,0,0,70.0,0.9413064571711044,50,1.61396191942105
low-rank,5.004500000000001,0,0,0,75.0,1.0182512899305098,50,1.5987092910956218
low-rank,5.004500000000001,0,0,0,80.0,1.1131206775442106,50,1.579240637212941
low-rank,5.004500000000001,0,0,0,82.13,1.1602655170795144,50,1.5691129145080105
low-rank,5.004500000000001,0,0,0,85.0,1.2369534564848823,50,1.5530041306517586
low-rank,5.004500000000001,0,0,0,90.0,1.4219292664638503,50,1.5142390167674542
low-rank,5.004500000000001,0,0,0,95.0,1.7653107671978452,50,1.4480202702666445
low-rank,5.004500000000001,0,0,0,99.0,2.754841752753128,50,1.3113620690137078
low-rank,5.004500000000001,0,0,0,99.73,3.732323302180484,50,1.2309261354844516
low-rank,10.009000000000002,0,0,0,5.0,0.3793696278209581,100,1.7878514440192292
low-rank,10.009000000000002,0,0,0,10.0,0.4385651808302538,100,1.7924431302283297
low-rank,10.009000000000002,0,0,0,15.0,0.483585935069565,100,1.7921322502662904
low-rank,10.009000000000002,0,0,0,20.0,0.523071211379187,100,1.789436324060025
low-rank,10.009000000000002,0,0,0,25.0,0.5602682360906585,100,1.7849410055522217
low-rank,10.009000000000002,0,0,0,30.0,0.5960932988855978,100,1.7794557026631
low-rank,10.009000000000002,0,0,0,35.0,0.6316578631995489,100,1.772551058326713
low-rank,10.009000000000002,0,0,0,40.0,0.6680994110376449,100,1.7647529630308345
low-rank,10.009000000000002,0,0,0,45.0,0.7058331477923102,100,1.756126523470784
low-rank,10.009000000000002,0,0,0,50.0,0.7455893310998956,100,1.74616624168107
low-rank,10.009000000000002,0,0,0,60.0,0.8353238364030772,100,1.7215232875498772
low-rank,10.009000000000002,0,0,0,70.0,0.9483575308055968,100,1.6887252247764013
low-rank,10.009000000000002,0,0,0,75.0,1.0190291550076662,100,1.667779580169223
low-rank,10.009000000000002,0,0,0,80.0,1.1075761874050407,100,1.641602865794681
low-rank,10.009000000000002,0,0,0,82.13,1.152297494659015,100,1.6286657768136923
low-rank,10.009000000000002,0,0,0,85.0,1.2247048357027834,100,1.608099274635577
low-rank,10.009000000000002,0,0,0,90.0,1.3981084990547614,100,1.5611317433476362
low-rank,10.009000000000002,0,0,0,95.0,1.7228705975097411,100,1.484562339374274
low-rank,10.009000000000002,0,0,0,99.0,2.678628847291834,100,1.3296648827886022
low-rank,10.009000000000002,0,0,0,99.73,3.571850760969321,100,1.2442512321627863
low-rank,50.045,0,0,0,5.0,0.441959083589941,500,1.89897642491651
low-rank,50.045,0,0,0,10.0,0.4924099350832117,500,1.882141462059978
low-rank,50.045,0,0,0,15.0,0.5318347670812525,500,1.868273625235406
low-rank,50.045,0,0,0,20.0,0.5663480959027166,500,1.854893204311196
low-rank,50.045,0,0,0,25.0,0.5989911162723608,500,1.8416740948820491
low-rank,50.045,0,0,0,30.0,0.6308393341449191,500,1.8288741343931167
low-rank,50.045,0,0,0,35.0,0.6627271603070051,500,1.815398470816425
low-rank,50.045,0,0,0,40.0,0.6954886788919232,500,1.8018425113949517
low-rank,50.045,0,0,0,45.0,0.7296552314644844,500,1.787467717646921
low-rank,50.045,0,0,0,50.0,0.7657749360615858,500,1.7721835883764203
low-rank,50.045,0,0,0,60.0,0.8481982524583648,500,1.7379096510324776
low-rank,50.045,0,0,0,70.0,0.9526289985784224,500,1.6957986740582638
low-rank,50.045,0,0,0,75.0,1.0190499925702654,500,1.670159900386187
low-rank,50.045,0,0,0,80.0,1.101640843732603,500,1.6394882092957286
low-rank,50.045,0,0,0,82.13,1.143575983454473,500,1.6245907629870022
low-rank,50.045,0,0,0,85.0,1.211108777865058,500,1.6014250797663427
low-rank,50.045,0,0,0,90.0,1.3746041938510014,500,1.5498934714980328
low-rank,50.045,0,0,0,95.0,1.6823448827899508,500,1.4683202532316049
low-rank,50.045,0,0,0,99.0,2.5809865149970577,500,1.313129624365702
low-rank,50.045,0,0,0,99.73,3.4665033073501266,500,1.227824891387762
full-rank,2.0,1,0,1,5.0,0.1609099289526006,2,0.9651704744673768
full-rank,2.0,1,0,1,10.0,0.232124423156209,2,1.1230160221030074
full-rank,2.0,1,0,1,15.0,0.2904305558838133,2,1.220725105525421
full-rank,2.0,1,0,1,20.0,0.3431363626391522,2,1.2885948392463142
full-rank,2.0,1,0,1,25.0,0.3926958081461655,2,1.3400706706011132
full-rank,2.0,1,0,1,30.0,0.4410503866295852,2,1.3793875904130293
full-rank,2.0,1,0,1,35.0,0.4895640100863017,2,1.410817268315142
full-rank,2.0,1,0,1,40.0,0.5390821745494182,2,1.4363315674477484
full-rank,2.0,1,0,1,45.0,0.5900400478502864,2,1.456113311762187
full-rank,2.0,1,0,1,50.0,0.6433156517809676,2,1.4714078933169428
full-rank,2.0,1,0,1,60.0,0.7620817666744415,2,1.4917928224922383
full-rank,2.0,1,0,1,70.0,0.907602936325415,2,1.5000188328996178
full-rank,2.0,1,0,1,75.0,0.9988683791305948,2,1.4986850173194588
full-rank,2.0,1,0,1,80.0,1.1105246798561048,2,1.492317175149487
full-rank,2.0,1,0,1,82.13,1.166568596419756,2,1.4878224538162583
full-rank,2.0,1,0,1,85.0,1.2569221854466326,2,1.4788740199165982
full-rank,2.0,1,0,1,90.0,1.4667862571471175,2,1.454839386258784
full-rank,2.0,1,0,1,95.0,1.8559384586446224,2,1.4057866233309764
full-rank,2.0,1,0,1,99.0,2.952715294058992,2,1.2917487394580691
full-rank,2.0,1,0,1,99.73,4.015425631341194,2,1.2179814519115677
full-rank,5.0,1,0,1,5.0,0.309753390193285,5,1.5399533195391504
full-rank,5.0,1,0,1,10.0,0.3764479015861847,5,1.5818429679102028
full-rank,5.0,1,0,1,15.0,0.4274369086980553,5,1.6039791049843004
full-rank,5.0,1,0,1,20.0,0.4720819789429327,5,1.6183458351078086
full-rank,5.0,1,0,1,25.0,0.5138935722387389,5,1.6274869287454024
full-rank,5.0,1,0,1,30.0,0.5536294151023992,5,1.6333260155495428
full-rank,5.0,1,0,1,35.0,0.5932348922550846,5,1.6370322136162356
full-rank,5.0,1,0,1,40.0,0.6336619944659557,5,1.638437483886148
full-rank,5.0,1,0,1,45.0,0.6756238877877319,5,1.6378370824935204
full-rank,5.0,1,0,1,50.0,0.7192601286097696,5,1.6355927436901323
full-rank,5.0,1,0,1,60.0,0.8178476378738416,5,1.6254392769921044
full-rank,5.0,1,0,1,70.0,0.9405686168799132,5,1.6062067018244852
full-rank,5.0,1,0,1,75.0,1.0171656713093864,5,1.5919202283197402
full-rank,5.0,1,0,1,80.0,1.111543625799452,5,1.5731235321907815
full-rank,5.0,1,0,1,82.13,1.1592428032304405,5,1.5632998184791311
full-rank,5.0,1,0,1,85.0,1.236579340010375,5,1.5473603765915969
full-rank,5.0,1,0,1,90.0,1.4220621580206207,5,1.5083370522708872
full-rank,5.0,1,0,1,95.0,1.765228957573428,5,1.4423831549237909
full-rank,5.0,1,0,1,99.0,2.750884326841593,5,1.3051890033953866
full-rank,5.0,1,0,1,99.73,3.698376295930725,5,1.2258312737478148
full-rank,10.000000000000002,1,0,1,5.0,0.3785628014085992,10,1.8113763527559472
full-rank,10.000000000000002,1,0,1,10.0,0.4378483518041288,10,1.8126129263694115
full-rank,10.000000000000002,1,0,1,15.0,0.4830082190019365,10,1.8095136977153377
full-rank,10.000000000000002,1,0,1,20.0,0.5227905762682815,10,1.804270358763557
full-rank,10.000000000000002,1,0,1,25.0,0.5596343166640033,10,1.7981327685619757
full-rank,10.000000000000002,1,0,1,30.0,0.5957395167092665,10,1.7907502606041694
full-rank,10.000000000000002,1,0,1,35.0,0.631575259240145,10,1.7825702530633978
full-rank,10.000000000000002,1,0,1,40.0,0.6677727161902344,10,1.7733282301139928
full-rank,10.000000000000002,1,0,1,45.0,0.7055444770364656,10,1.7629881334456166
full-rank,10.000000000000002,1,0,1,50.0,0.7452782128603275,10,1.7515032857216235
full-rank,10.000000000000002,1,0,1,60.0,0.8346581329507543,10,1.7241641044934453
full-rank,10.000000000000002,1,0,1,70.0,0.9475027526325388,10,1.6885379477113294
full-rank,10.000000000000002,1,0,1,75.0,1.0195232920549884,10,1.6658118169996807
full-rank,10.000000000000002,1,0,1,80.0,1.1083857668028572,10,1.6380385843137668
full-rank,10.000000000000002,1,0,1,82.13,1.1532560146086184,10,1.6244207171459906
full-rank,10.000000000000002,1,0,1,85.0,1.226086796569023,10,1.6028478337590566
full-rank,10.000000000000002,1,0,1,90.0,1.398846209224545,10,1.5547789235141831
full-rank,10.000000000000002,1,0,1,95.0,1.725120312328596,10,1.4764775219822197
full-rank,10.000000000000002,1,0,1,99.0,2.674807016724152,10,1.3222652064154172
full-rank,10.000000000000002,1,0,1,99.73,3.584215110378179,10,1.2367120631195712
full-rank,20.000000000000004,1,0,1,5.0,0.41743638712057,20,1.8849517071602548
full-rank,20.000000000000004,1,0,1,10.0,0.4710529518322529,20,1.8721777632767436
full-rank,20.000000000000004,1,0,1,15.0,0.5126889407444831,20,1.8603996100231293
full-rank,20.000000000000004,1,0,1,20.0,0.5495187468076229,20,1.8489060990380248
full-rank,20.000000000000004,1,0,1,25.0,0.5837707196023736,20,1.8373635616009705
full-rank,20.000000000000004,1,0,1,30.0,0.6170639020288494,20,1.825630732455757
full-rank,20.000000000000004,1,0,1,35.0,0.6504773038810812,20,1.813489022954176
full-rank,20.000000000000004,1,0,1,40.0,0.6846224434126299,20,1.8007322411748463
full-rank,20.000000000000004,1,0,1,45.0,0.7201156429322839,20,1.787194755075185
full-rank,20.000000000000004,1,0,1,50.0,0.7578698300748354,20,1.7725835473445686
full-rank,20.000000000000004,1,0,1,60.0,0.8432601156900624,20,1.739588267183444
full-rank,20.000000000000004,1,0,1,70.0,0.9508943677636548,20,1.6984706294564555
full-rank,20.000000000000004,1,0,1,75.0,1.0191712002661808,20,1.673166650020078
full-rank,20.000000000000004,1,0,1,80.0,1.104311747104413,20,1.6430985619645824
full-rank,20.000000000000004,1,0,1,82.13,1.1474851874458585,20,1.6282496800940496
full-rank,20.000000000000004,1,0,1,85.0,1.216203713906551,20,1.6056342016539316
full-rank,20.000000000000004,1,0,1,90.0,1.3829655453038814,20,1.554593233876798
full-rank,20.000000000000004,1,0,1,95.0,1.6969456015266322,20,1.4735350204462514
full-rank,20.000000000000004,1,0,1,99.0,2.6186967414481583,20,1.3174622763789756
full-rank,20.000000000000004,1,0,1,99.73,3.4935468741629627,20,1.233591118999377
full-rank,50.0,1,0,1,5.0,0.4415892161123196,50,1.933813848378832
full-rank,50.0,1,0,1,10.0,0.4921670598281653,50,1.9157230540993817
full-rank,50.0,1,0,1,15.0,0.5313273164896224,50,1.9005534690764136
full-rank,50.0,1,0,1,20.0,0.5658198327409412,50,1.8866017522223784
full-rank,50.0,1,0,1,25.0,0.5988045930155453,50,1.872760661831789
full-rank,50.0,1,0,1,30.0,0.6307917810929287,50,1.8591414129588129
full-rank,50.0,1,0,1,35.0,0.6627420921569032,50,1.8452999967763613
full-rank,50.0,1,0,1,40.0,0.6956837281660817,50,1.8310241399636915
full-rank,50.0,1,0,1,45.0,0.7298273341391239,50,1.8160748069011896
full-rank,50.0,1,0,1,50.0,0.7660484879696008,50,1.8002351137429096
full-rank,50.0,1,0,1,60.0,0.8486111104420238,50,1.7645759775429808
full-rank,50.0,1,0,1,70.0,0.952994065782576,50,1.7208912062831705
full-rank,50.0,1,0,1,75.0,1.0200669490283556,50,1.6940269321825925
full-rank,50.0,1,0,1,80.0,1.1028370756496282,50,1.662292595283206
full-rank,50.0,1,0,1,82.13,1.144624611311578,50,1.6470015001700633
full-rank,50.0,1,0,1,85.0,1.2128815566451772,50,1.6228029632886978
full-rank,50.0,1,0,1,90.0,1.3775561765930022,50,1.5691071742190097
full-rank,50.0,1,0,1,95.0,1.6853013769576954,50,1.4847703171945177
full-rank,50.0,1,0,1,99.0,2.599717216207894,50,1.321340842231518
full-rank,50.0,1,0,1,99.73,3.456911444387049,50,1.2345786946819854
full-rank,100.00000000000004,1,0,1,5.0,0.4498816235327732,100,1.9530706765493304
full-rank,100.00000000000004,1,0,1,10.0,0.4995906040614339,100,1.9329329103612491
full-rank,100.00000000000004,1,0,1,15.0,0.5381202242217297,100,1.9163223796131696
full-rank,100.00000000000004,1,0,1,20.0,0.5723260613493937,100,1.901058532598981
full-rank,100.00000000000004,1,0,1,25.0,0.6045163518304653,100,1.88630152104988
full-rank,100.00000000000004,1,0,1,30.0,0.6360999540489574,100,1.871695976891343
full-rank,100.00000000000004,1,0,1,35.0,0.6675945862877509,100,1.857065060955346
full-rank,100.00000000000004,1,0,1,40.0,0.6997646215722508,100,1.842001421169997
full-rank,100.00000000000004,1,0,1,45.0,0.7335756545309462,100,1.826186183188626
full-rank,100.00000000000004,1,0,1,50.0,0.7693160877347602,100,1.8095495552770835
full-rank,100.00000000000004,1,0,1,60.0,0.850849205486051,100,1.772180232743587
full-rank,100.00000000000004,1,0,1,70.0,0.9541529498267138,100,1.726704421211246
full-rank,100.00000000000004,1,0,1,75.0,1.020228541173411,100,1.6989569427057454
full-rank,100.00000000000004,1,0,1,80.0,1.1021429490142605,100,1.6661396147255572
full-rank,100.00000000000004,1,0,1,82.13,1.1436125798290615,100,1.6502219442242156
full-rank,100.00000000000004,1,0,1,85.0,1.211916041784855,100,1.625037303794145
full-rank,100.00000000000004,1,0,1,90.0,1.3730463320791289,100,1.5706195151088762
full-rank,100.00000000000004,1,0,1,95.0,1.6804947368718992,100,1.4837055244669477
full-rank,100.00000000000004,1,0,1,99.0,2.5748734183930124,100,1.3204294173822024
full-rank,100.00000000000004,1,0,1,99.73,3.4617005608314235,100,1.2314440514084974
full-rank,500.00000000000017,1,0,1,5.0,0.457557003355081,500,1.9669029004469425
full-rank,500.00000000000017,1,0,1,10.0,0.5056592252643632,500,1.9463163553976144
full-rank,500.00000000000017,1,0,1,15.0,0.5435053229751606,500,1.9289890306157824
full-rank,500.00000000000017,1,0,1,20.0,0.5769908203504344,500,1.913399802264136
full-rank,500.00000000000017,1,0,1,25.0,0.6084825783497251,500,1.8982355875078256
full-rank,500.00000000000017,1,0,1,30.0,0.639144890548792,500,1.883474094328551
full-rank,500.00000000000017,1,0,1,35.0,0.6701253714099416,500,1.868394028867288
full-rank,500.00000000000017,1,0,1,40.0,0.7021703730993581,500,1.852671000876092
full-rank,500.00000000000017,1,0,1,45.0,0.7356601381631508,500,1.83645179346266
full-rank,500.00000000000017,1,0,1,50.0,0.7714003318492801,500,1.819395307499251
full-rank,500.00000000000017,1,0,1,60.0,0.8519743447751145,500,1.7812312793807654
full-rank,500.00000000000017,1,0,1,70.0,0.954611535412162,500,1.7348000603848357
full-rank,500.00000000000017,1,0,1,75.0,1.0201789916120787,500,1.7066072043621314
full-rank,500.00000000000017,1,0,1,80.0,1.101370389437649,500,1.6733336735372977
full-rank,500.00000000000017,1,0,1,82.13,1.143002133025974,500,1.6569749572661587
full-rank,500.00000000000017,1,0,1,85.0,1.210244920960523,500,1.63163129611723
full-rank,500.00000000000017,1,0,1,90.0,1.3705567403332006,500,1.5762790223816492
full-rank,500.00000000000017,1,0,1,95.0,1.6756763583889,500,1.4883778894021369
full-rank,500.00000000000017,1,0,1,99.0,2.5749532236425203,500,1.321671747044345
full-rank,500.00000000000017,1,0,1,99.73,3.423431188072502,500,1.2346645942706214
half-rank,1.005,1,0,1,5.0,0.0678241529082621,2,0.4153999858735088
half-rank,1.005,1,0,1,10.0,0.1102234956507434,2,0.5341946112805166
half-rank,1.005,1,0,1,15.0,0.1538928505086755,2,0.6581115326720212
half-rank,1.005,1,0,1,20.0,0.1995335062303177,2,0.7672315797385397
half-rank,1.005,1,0,1,25.0,0.2476617731575758,2,0.8667292975955183
half-rank,1.005,1,0,1,30.0,0.2975638021089956,2,0.9517068779909292
half-rank,1.005,1,0,1,35.0,0.3496291632320334,2,1.0276345010831651
half-rank,1.005,1,0,1,40.0,0.4047245860593128,2,1.0943159479247495
half-rank,1.005,1,0,1,45.0,0.4630941695936346,2,1.153614428979468
half-rank,1.005,1,0,1,50.0,0.5253932540296007,2,1.2040464879193806
half-rank,1.005,1,0,1,60.0,0.6661575866299324,2,1.2855832168770636
half-rank,1.005,1,0,1,70.0,0.841594874183253,2,1.343135490298998
half-rank,1.005,1,0,1,75.0,0.9496885585612396,2,1.3638086358319563
half-rank,1.005,1,0,1,80.0,1.082592939741754,2,1.379705684197987
half-rank,1.005,1,0,1,82.13,1.1493826075153066,2,1.3838566059029154
half-rank,1.005,1,0,1,85.0,1.2544201671014856,2,1.3878025941193146
half-rank,1.005,1,0,1,90.0,1.5009467309390585,2,1.386286955926202
half-rank,1.005,1,0,1,95.0,1.955026562800425,2,1.3645393366658458
half-rank,1.005,1,0,1,99.0,3.205664735813366,2,1.2798041073556774
half-rank,1.005,1,0,1,99.73,4.377514933466034,2,1.215014606578002
half-rank,2.5000000000000004,1,0,1,5.0,0.2674353693907167,5,1.4138784333642205
half-rank,2.5000000000000004,1,0,1,10.0,0.3311114327131631,5,1.4723292419846754
half-rank,2.5000000000000004,1,0,1,15.0,0.3817589781312712,5,1.5087481937527798
half-rank,2.5000000000000004,1,0,1,20.0,0.4267138068257796,5,1.5337707029089032
half-rank,2.5000000000000004,1,0,1,25.0,0.4692180687704416,5,1.5521982155373335
half-rank,2.5000000000000004,1,0,1,30.0,0.510757155674028,5,1.565813195106796
half-rank,2.5000000000000004,1,0,1,35.0,0.5525833587843838,5,1.57626352211778
half-rank,2.5000000000000004,1,0,1,40.0,0.5953104462303609,5,1.5841605579528664
half-rank,2.5000000000000004,1,0,1,45.0,0.6398836351006365,5,1.5892011224088665
half-rank,2.5000000000000004,1,0,1,50.0,0.6866874557858003,5,1.5919032771067347
half-rank,2.5000000000000004,1,0,1,60.0,0.791115239948447,5,1.5914487900782464
half-rank,2.5000000000000004,1,0,1,70.0,0.9225763481879946,5,1.5813597523367426
half-rank,2.5000000000000004,1,0,1,75.0,1.0056614800313946,5,1.5716467258496596
half-rank,2.5000000000000004,1,0,1,80.0,1.107995708598551,5,1.557266044462811
half-rank,2.5000000000000004,1,0,1,82.13,1.158884952715426,5,1.5490216797917111
half-rank,2.5000000000000004,1,0,1,85.0,1.2415879335685185,5,1.5359132108177664
half-rank,2.5000000000000004,1,0,1,90.0,1.43690189546415,5,1.504213475379251
half-rank,2.5000000000000004,1,0,1,95.0,1.8026612513148823,5,1.445672714242599
half-rank,2.5000000000000004,1,0,1,99.0,2.861249393885911,5,1.314528243873622
half-rank,2.5000000000000004,1,0,1,99.73,3.8672440677439033,5,1.2349016886507655
half-rank,5.005,1,0,1,5.0,0.3098414510317184,10,1.617530970331627
half-rank,5.005,1,0,1,10.0,0.3765359227268369,10,1.6507893084151424
half-rank,5.005,1,0,1,15.0,0.4275366018028504,10,1.6667382359070515
half-rank,5.005,1,0,1,20.0,0.4725112512004853,10,1.6757806197718768
half-rank,5.005,1,0,1,25.0,0.5140900943485642,10,1.680320644850926
half-rank,5.005,1,0,1,30.0,0.5542612401519631,10,1.6821758560649902
half-rank,5.005,1,0,1,35.0,0.5940095175665916,10,1.681691505193969
half-rank,5.005,1,0,1,40.0,0.6344353534861717,10,1.6795337069382692
half-rank,5.005,1,0,1,45.0,0.6759281380192638,10,1.675427771695977
half-rank,5.005,1,0,1,50.0,0.7199054813726564,10,1.6696146701418997
half-rank,5.005,1,0,1,60.0,0.8180467136815571,10,1.652934318318113
half-rank,5.005,1,0,1,70.0,0.940872298886978,10,1.6270004826338322
half-rank,5.005,1,0,1,75.0,1.01737284095497,10,1.6097009187716782
half-rank,5.005,1,0,1,80.0,1.1125458878832433,10,1.587384307184885
half-rank,5.005,1,0,1,82.13,1.1597082261574745,10,1.5762004067394912
half-rank,5.005,1,0,1,85.0,1.2382085468277748,10,1.5576188450474548
half-rank,5.005,1,0,1,90.0,1.4218186017172156,10,1.5159622258313106
half-rank,5.005,1,0,1,95.0,1.764738546842233,10,1.4465034592340211
half-rank,5.005,1,0,1,99.0,2.7507226594906893,10,1.3037205686518254
half-rank,5.005,1,0,1,99.73,3.7060692894061953,10,1.2226167529187808
half-rank,10.005000000000004,1,0,1,5.0,0.3787398533695543,20,1.8008449360076233
half-rank,10.005000000000004,1,0,1,10.0,0.4379565072447952,20,1.804872099625972
half-rank,10.005000000000004,1,0,1,15.0,0.4830276006774369,20,1.8038937892313296
half-rank,10.005000000000004,1,0,1,20.0,0.5229251090792302,20,1.800531428856266
half-rank,10.005000000000004,1,0,1,25.0,0.5599059798727894,20,1.7955146892233698
half-rank,10.005000000000004,1,0,1,30.0,0.5958422883276532,20,1.7895196618277176
half-rank,10.005000000000004,1,0,1,35.0,0.6318232737173255,20,1.7821024309983005
half-rank,10.005000000000004,1,0,1,40.0,0.6682802291473569,20,1.773678903751804
half-rank,10.005000000000004,1,0,1,45.0,0.7058488680592988,20,1.7643552334722543
half-rank,10.005000000000004,1,0,1,50.0,0.7458389356540809,20,1.753602500516935
half-rank,10.005000000000004,1,0,1,60.0,0.8354509263026897,20,1.7274743814738815
half-rank,10.005000000000004,1,0,1,70.0,0.9487377714366269,20,1.6923852999014228
half-rank,10.005000000000004,1,0,1,75.0,1.020053782883498,20,1.6699201529438767
half-rank,10.005000000000004,1,0,1,80.0,1.1085122421928968,20,1.6421420830153426
half-rank,10.005000000000004,1,0,1,82.13,1.1534792307247186,20,1.628332067057148
half-rank,10.005000000000004,1,0,1,85.0,1.2261254647699098,20,1.606566784241476
half-rank,10.005000000000004,1,0,1,90.0,1.3981140281279951,20,1.5580793721116424
half-rank,10.005000000000004,1,0,1,95.0,1.7236226663922811,20,1.47768197687434
half-rank,10.005000000000004,1,0,1,99.0,2.665814595460873,20,1.3195972131230305
half-rank,10.005000000000004,1,0,1,99.73,3.566249464580409,20,1.2337345275044431
half-rank,25.005,1,0,1,5.0,0.4252400266795496,50,1.882723891454571
half-rank,25.005,1,0,1,10.0,0.478045916869511,50,1.8692070133209164
half-rank,25.005,1,0,1,15.0,0.5189794503801877,50,1.857045686570678
half-rank,25.005,1,0,1,20.0,0.554994360958944,50,1.845228982835493
half-rank,25.005,1,0,1,25.0,0.5889203663654848,50,1.8334469547322332
half-rank,25.005,1,0,1,30.0,0.6218909648102907,50,1.82145620427042
half-rank,25.005,1,0,1,35.0,0.655036725492519,50,1.809048017899604
half-rank,25.005,1,0,1,40.0,0.6888072816688527,50,1.7961449760114754
half-rank,25.005,1,0,1,45.0,0.7240239697220093,50,1.7824271260109106
half-rank,25.005,1,0,1,50.0,0.7610842201191357,50,1.7679287810021385
half-rank,25.005,1,0,1,60.0,0.8450006868676084,50,1.734928460463525
half-rank,25.005,1,0,1,70.0,0.9511732832726922,50,1.6938074526661573
half-rank,25.005,1,0,1,75.0,1.019021355764108,50,1.668588943362835
half-rank,25.005,1,0,1,80.0,1.1032866316139784,50,1.6383608233824416
half-rank,25.005,1,0,1,82.13,1.1453898449622608,50,1.6237731190201856
half-rank,25.005,1,0,1,85.0,1.2141062306932249,50,1.6006359021575334
half-rank,25.005,1,0,1,90.0,1.37939216264206,50,1.5491413871665511
half-rank,25.005,1,0,1,95.0,1.690351851959215,50,1.4672092285409566
half-rank,25.005,1,0,1,99.0,2.6044842411614373,50,1.309573454591626
half-rank,25.005,1,0,1,99.73,3.467797095060743,50,1.2254960621870512
half-rank,50.005,1,0,1,5.0,0.4417728739790607,100,1.9379452477847736
half-rank,50.005,1,0,1,10.0,0.4919658030225196,100,1.919452738980592
half-rank,50.005,1,0,1,15.0,0.5313172510784633,100,1.903948628828782
half-rank,50.005,1,0,1,20.0,0.5660898080059211,100,1.8894253616467624
half-rank,50.005,1,0,1,25.0,0.598952059930796,100,1.875373433645734
half-rank,50.005,1,0,1,30.0,0.631107059588373,100,1.8612944769478703
half-rank,50.005,1,0,1,35.0,0.6631053244805538,100,1.8471466779336012
half-rank,50.005,1,0,1,40.0,0.695958753239164,100,1.8324896455186936
half-rank,50.005,1,0,1,45.0,0.7300339346265899,100,1.8172526071518875
half-rank,50.005,1,0,1,50.0,0.7666436177798871,100,1.8008509567094078
half-rank,50.005,1,0,1,60.0,0.849052390648795,100,1.764555683692706
half-rank,50.005,1,0,1,70.0,0.9532638899993215,100,1.7203002138511514
half-rank,50.005,1,0,1,75.0,1.0198997053057228,100,1.693173390672672
half-rank,50.005,1,0,1,80.0,1.103033222339779,100,1.660838000951686
half-rank,50.005,1,0,1,82.13,1.1448998617883606,100,1.6451162901974117
half-rank,50.005,1,0,1,85.0,1.2134921077509109,100,1.6204311716040358
half-rank,50.005,1,0,1,90.0,1.376553329167996,100,1.5667179402989757
half-rank,50.005,1,0,1,95.0,1.6850380510067489,100,1.4813365300894212
half-rank,50.005,1,0,1,99.0,2.584372858879214,100,1.3188178536740724
half-rank,50.005,1,0,1,99.73,3.4605465106877795,100,1.2314498844905624
half-rank,250.0050000000001,1,0,1,5.0,0.4556084034651738,500,1.9765049595681583
half-rank,250.0050000000001,1,0,1,10.0,0.5042874578809657,500,1.9554431349851624
half-rank,250.0050000000001,1,0,1,15.0,0.5419793478931639,500,1.9383096172727652
half-rank,250.0050000000001,1,0,1,20.0,0.5756193821286627,500,1.9227692655110464
half-rank,250.0050000000001,1,0,1,25.0,0.6074816103860341,500,1.907574356959008
half-rank,250.0050000000001,1,0,1,30.0,0.6384380461323985,500,1.8926598007662565
half-rank,250.0050000000001,1,0,1,35.0,0.6695820538482221,500,1.87746258140722
half-rank,250.0050000000001,1,0,1,40.0,0.7014259920805525,500,1.8618379073760956
half-rank,250.0050000000001,1,0,1,45.0,0.734930260943786,500,1.845766279191162
half-rank,250.0050000000001,1,0,1,50.0,0.7706863834451277,500,1.8284201410748429
half-rank,250.0050000000001,1,0,1,60.0,0.8515108295096803,500,1.7902743073349243
half-rank,250.0050000000001,1,0,1,70.0,0.9541896705836116,500,1.743700835014492
half-rank,250.0050000000001,1,0,1,75.0,1.0192917821193577,500,1.7155527113171791
half-rank,250.0050000000001,1,0,1,80.0,1.1005238569896936,500,1.682112186671758
half-rank,250.0050000000001,1,0,1,82.13,1.14192913232442,500,1.665821874395656
half-rank,250.0050000000001,1,0,1,85.0,1.2088770870168,500,1.6404827614613389
half-rank,250.0050000000001,1,0,1,90.0,1.370152793527213,500,1.58447378005676
half-rank,250.0050000000001,1,0,1,95.0,1.6730618980431282,500,1.4967181118873856
half-rank,250.0050000000001,1,0,1,99.0,2.584297626133886,500,1.326675923647494
half-rank,250.0050000000001,1,0,1,99.73,3.467075584168922,500,1.2365049614251171
low-rank,1.0001,1,0,1,5.0,0.0479858507738112,2,0.3103891711214844
low-rank,1.0001,1,0,1,10.0,0.0951825004118804,2,0.411033722963442
low-rank,1.0001,1,0,1,15.0,0.1427091703090064,2,0.5430874638803348
low-rank,1.0001,1,0,1,20.0,0.1911674605218678,2,0.6714015165926385
low-rank,1.0001,1,0,1,25.0,0.2410357894156455,2,0.7860207116607605
low-rank,1.0001,1,0,1,30.0,0.2923979396682292,2,0.8865501061901255
low-rank,1.0001,1,0,1,35.0,0.3454087938839277,2,0.9710194836913444
low-rank,1.0001,1,0,1,40.0,0.4008385958238322,2,1.0440323252362698
low-rank,1.0001,1,0,1,45.0,0.4599922498807406,2,1.108099051897253
low-rank,1.0001,1,0,1,50.0,0.5228458718895275,2,1.161832015102328
low-rank,1.0001,1,0,1,60.0,0.6643654411194707,2,1.2464318058756627
low-rank,1.0001,1,0,1,70.0,0.8400419594936677,2,1.3052004071959695
low-rank,1.0001,1,0,1,75.0,0.9491164022112336,2,1.3257014112158028
low-rank,1.0001,1,0,1,80.0,1.081558625781056,2,1.3407582138937155
low-rank,1.0001,1,0,1,82.13,1.1478967639498736,2,1.3448538411123032
low-rank,1.0001,1,0,1,85.0,1.2539711758207897,2,1.349603675711928
low-rank,1.0001,1,0,1,90.0,1.504407340816157,2,1.3485717663272176
low-rank,1.0001,1,0,1,95.0,1.9553295707640024,2,1.326457628544652
low-rank,1.0001,1,0,1,99.0,3.2215288152106023,2,1.249672259027354
low-rank,1.0001,1,0,1,99.73,4.402325037242502,2,1.19188584011969
low-rank,1.0004,1,0,1,5.0,0.0503809456502266,5,0.3095478008055309
low-rank,1.0004,1,0,1,10.0,0.096003641783017,5,0.3963940421011199
low-rank,1.0004,1,0,1,15.0,0.1434563394604484,5,0.5212499952604468
low-rank,1.0004,1,0,1,20.0,0.1918831519341461,5,0.6423223729940087
low-rank,1.0004,1,0,1,25.0,0.2415374666020196,5,0.7498189125445057
low-rank,1.0004,1,0,1,30.0,0.2926128159447057,5,0.8472219082216494
low-rank,1.0004,1,0,1,35.0,0.3455687249217135,5,0.932206460896994
low-rank,1.0004,1,0,1,40.0,0.4014568356835205,5,1.0083503377498326
low-rank,1.0004,1,0,1,45.0,0.4604180884888156,5,1.0758381567271738
low-rank,1.0004,1,0,1,50.0,0.5233404748640671,5,1.1352068924758694
low-rank,1.0004,1,0,1,60.0,0.6648038221440252,5,1.231815861141616
low-rank,1.0004,1,0,1,70.0,0.8390345462728719,5,1.3039424213045845
low-rank,1.0004,1,0,1,75.0,0.9485176003864187,5,1.331686824467702
low-rank,1.0004,1,0,1,80.0,1.0823176440668096,5,1.353360094719373
low-rank,1.0004,1,0,1,82.13,1.1487985696111305,5,1.359863108394474
low-rank,1.0004,1,0,1,85.0,1.2549644557666062,5,1.3672938830957997
low-rank,1.0004,1,0,1,90.0,1.5050287082640388,5,1.372097106447936
low-rank,1.0004,1,0,1,95.0,1.9541123545416077,5,1.3557131606348576
low-rank,1.0004,1,0,1,99.0,3.210428707083946,5,1.274833007273083
low-rank,1.0004,1,0,1,99.73,4.363688978074455,5,1.2135306050253751
low-rank,1.0009,1,0,1,5.0,0.0533958804339759,10,0.3731351674543769
low-rank,1.0009,1,0,1,10.0,0.0976935428740838,10,0.4690755202149625
low-rank,1.0009,1,0,1,15.0,0.1446057351305111,10,0.6132029052344488
low-rank,1.0009,1,0,1,20.0,0.1927608619327457,10,0.7410980803136786
low-rank,1.0009,1,0,1,25.0,0.2422965013024453,10,0.8534858694584148
low-rank,1.0009,1,0,1,30.0,0.293162719018157,10,0.9533812803864636
low-rank,1.0009,1,0,1,35.0,0.3463671646910644,10,1.0411592982225448
low-rank,1.0009,1,0,1,40.0,0.4022556332349674,10,1.117397751081037
low-rank,1.0009,1,0,1,45.0,0.4604854266817754,10,1.184206959064175
low-rank,1.0009,1,0,1,50.0,0.523394582899711,10,1.2429002898910966
low-rank,1.0009,1,0,1,60.0,0.664545367591418,10,1.3382331001548806
low-rank,1.0009,1,0,1,70.0,0.8403815351462428,10,1.4073882382796683
low-rank,1.0009,1,0,1,75.0,0.9506778753329664,10,1.430377096887113
low-rank,1.0009,1,0,1,80.0,1.083729272882305,10,1.4462720049328173
low-rank,1.0009,1,0,1,82.13,1.1500823983604536,10,1.450524367883819
low-rank,1.0009,1,0,1,85.0,1.255674244317267,10,1.4524674699845157
low-rank,1.0009,1,0,1,90.0,1.5047288988705363,10,1.4457419808641412
low-rank,1.0009,1,0,1,95.0,1.9595566827928148,10,1.411533305190925
low-rank,1.0009,1,0,1,99.0,3.230655551420317,10,1.302922735034685
low-rank,1.0009,1,0,1,99.73,4.4049366165820185,10,1.2248164416906004
low-rank,2.0018,1,0,1,5.0,0.1622939032338701,20,0.9207536870673182
low-rank,2.0018,1,0,1,10.0,0.2335255485524031,20,1.077753933801015
low-rank,2.0018,1,0,1,15.0,0.2918727908214557,20,1.176891962708482
low-rank,2.0018,1,0,1,20.0,0.3442231757411117,20,1.2473805412347316
low-rank,2.0018,1,0,1,25.0,0.3936195390539574,20,1.300486835882186
low-rank,2.0018,1,0,1,30.0,0.4419722593995636,20,1.3421242420957018
low-rank,2.0018,1,0,1,35.0,0.4903618186557559,20,1.3758780866111142
low-rank,2.0018,1,0,1,40.0,0.539393996311805,20,1.4027720159641788
low-rank,2.0018,1,0,1,45.0,0.5903608957745845,20,1.424822653578376
low-rank,2.0018,1,0,1,50.0,0.6433258498491107,20,1.4421856626314955
low-rank,2.0018,1,0,1,60.0,0.7621182279220258,20,1.4653705259479357
low-rank,2.0018,1,0,1,70.0,0.9083622055470684,20,1.4743780632294652
low-rank,2.0018,1,0,1,75.0,0.999557147472246,20,1.47343282060679
low-rank,2.0018,1,0,1,80.0,1.1119646870161677,20,1.4678236434892933
low-rank,2.0018,1,0,1,82.13,1.1676313624818275,20,1.4635261309168592
low-rank,2.0018,1,0,1,85.0,1.2573941763561185,20,1.4552622928070016
low-rank,2.0018,1,0,1,90.0,1.4696423098394202,20,1.431598331528675
low-rank,2.0018,1,0,1,95.0,1.862027197387051,20,1.3837293040107022
low-rank,2.0018,1,0,1,99.0,2.96653504342806,20,1.2773924073225875
low-rank,2.0018,1,0,1,99.73,4.015085939476696,20,1.209662063649213
low-rank,5.004500000000001,1,0,1,5.0,0.3104421063486182,50,1.5703875282478537
low-rank,5.004500000000001,1,0,1,10.0,0.3767306256934072,50,1.6072935502991357
low-rank,5.004500000000001,1,0,1,15.0,0.4279115831063348,50,1.6271380600678542
low-rank,5.004500000000001,1,0,1,20.0,0.4725711214028202,50,1.6387866877947783
low-rank,5.004500000000001,1,0,1,25.0,0.5138778667530246,50,1.6458355833955176
low-rank,5.004500000000001,1,0,1,30.0,0.5542064970283994,50,1.64975286891971
low-rank,5.004500000000001,1,0,1,35.0,0.5941010025400337,50,1.651339447114582
low-rank,5.004500000000001,1,0,1,40.0,0.6345110087529376,50,1.6511221653500336
low-rank,5.004500000000001,1,0,1,45.0,0.6762592928040937,50,1.648714417044035
low-rank,5.004500000000001,1,0,1,50.0,0.7201346353489656,50,1.64483083651803
low-rank,5.004500000000001,1,0,1,60.0,0.8183521820948627,50,1.6321237812408556
low-rank,5.004500000000001,1,0,1,70.0,0.9405356225036932,50,1.610211920787018
low-rank,5.004500000000001,1,0,1,75.0,1.0175471286713658,50,1.5948004316140492
low-rank,5.004500000000001,1,0,1,80.0,1.1122739237483272,50,1.5745241436671398
low-rank,5.004500000000001,1,0,1,82.13,1.1598066889905485,50,1.5645916138294986
low-rank,5.004500000000001,1,0,1,85.0,1.2374581297689222,50,1.5476500227647167
low-rank,5.004500000000001,1,0,1,90.0,1.4223512230060684,50,1.509238156820048
low-rank,5.004500000000001,1,0,1,95.0,1.7662445767850192,50,1.4435035661506046
low-rank,5.004500000000001,1,0,1,99.0,2.7508176040227417,50,1.309839680179368
low-rank,5.004500000000001,1,0,1,99.73,3.7410755802048423,50,1.228158878290453
low-rank,10.009000000000002,1,0,1,5.0,0.3789629551345643,100,1.78886327961055
low-rank,10.009000000000002,1,0,1,10.0,0.4377937295707372,100,1.7908622929023503
low-rank,10.009000000000002,1,0,1,15.0,0.4828885233333936,100,1.7885528510672677
low-rank,10.009000000000002,1,0,1,20.0,0.5225489735493463,100,1.7841942846877596
low-rank,10.009000000000002,1,0,1,25.0,0.5596453623949186,100,1.778287472596361
low-rank,10.009000000000002,1,0,1,30.0,0.5954416006414882,100,1.771413641636246
low-rank,10.009000000000002,1,0,1,35.0,0.6313524621719363,100,1.763604514729031
low-rank,10.009000000000002,1,0,1,40.0,0.6676664510838912,100,1.7547020474065376
low-rank,10.009000000000002,1,0,1,45.0,0.7054977320476106,100,1.7449046373984336
low-rank,10.009000000000002,1,0,1,50.0,0.7452436203006201,100,1.7338716850153493
low-rank,10.009000000000002,1,0,1,60.0,0.834815203004098,100,1.7077381505753346
low-rank,10.009000000000002,1,0,1,70.0,0.9481014058764512,100,1.6727291692709672
low-rank,10.009000000000002,1,0,1,75.0,1.0198317105247363,100,1.6506283769354184
low-rank,10.009000000000002,1,0,1,80.0,1.108030156508368,100,1.623955682158356
low-rank,10.009000000000002,1,0,1,82.13,1.1527604709294563,100,1.6106924089076715
low-rank,10.009000000000002,1,0,1,85.0,1.2242909435331586,100,1.5899140899622797
low-rank,10.009000000000002,1,0,1,90.0,1.396467158601318,100,1.5429319043742886
low-rank,10.009000000000002,1,0,1,95.0,1.721241536689327,100,1.4663640479458446
low-rank,10.009000000000002,1,0,1,99.0,2.650683634972712,100,1.3167264493149249
low-rank,10.009000000000002,1,0,1,99.73,3.5486215255686235,100,1.232491797377377
low-rank,50.045,1,0,1,5.0,0.4419875948660142,500,1.9387604761498936
low-rank,50.045,1,0,1,10.0,0.492507371804389,500,1.9212698296795676
low-rank,50.045,1,0,1,15.0,0.5318493121290503,500,1.9066673771132563
low-rank,50.045,1,0,1,20.0,0.5667201962975029,500,1.892654084858914
low-rank,50.045,1,0,1,25.0,0.5994724970235924,500,1.8789874132884417
low-rank,50.045,1,0,1,30.0,0.6313507797573498,500,1.865724595956673
low-rank,50.045,1,0,1,35.0,0.6633600516400209,500,1.851818349372961
low-rank,50.045,1,0,1,40.0,0.6962804416489163,500,1.837383451433109
low-rank,50.045,1,0,1,45.0,0.7301086572139288,500,1.8226275842002684
low-rank,50.045,1,0,1,50.0,0.7666211069328727,500,1.806801543110396
low-rank,50.045,1,0,1,60.0,0.8491908526572618,500,1.770822121295834
low-rank,50.045,1,0,1,70.0,0.9532112202642912,500,1.7270579674848046
low-rank,50.045,1,0,1,75.0,1.0196646805755618,500,1.7003433212968309
low-rank,50.045,1,0,1,80.0,1.1022665768601785,500,1.6682612156212662
low-rank,50.045,1,0,1,82.13,1.1438955668284505,500,1.6526806356324852
low-rank,50.045,1,0,1,85.0,1.211852100254753,500,1.6282713647699705
low-rank,50.045,1,0,1,90.0,1.3751525685351291,500,1.574176974857982
low-rank,50.045,1,0,1,95.0,1.6851973867545056,500,1.487811910949519
low-rank,50.045,1,0,1,99.0,2.5934219644986367,500,1.3233667709841546
low-rank,50.045,1,0,1,99.73,3.448734865000657,500,1.2363422916759377
