covtype,eff_rank,is_sphere,is_hyperbolic,curvature,ptile,cutoff_ratio,d,RE
full-rank,2.0,0,1,-1,5.0,0.10828682545503028,2,1.309621778982122
full-rank,2.0,0,1,-1,10.0,0.17072171836315342,2,1.4874433884845568
full-rank,2.0,0,1,-1,15.0,0.2264936940439119,2,1.5970101016963425
full-rank,2.0,0,1,-1,20.0,0.28051197928647553,2,1.6543818314634726
full-rank,2.0,0,1,-1,25.0,0.334250141952478,2,1.6757967399710143
full-rank,2.0,0,1,-1,30.0,0.38853323694015257,2,1.6779986535710154
full-rank,2.0,0,1,-1,35.0,0.4439800171466638,2,1.663348642815473
full-rank,2.0,0,1,-1,40.0,0.5022692091632879,2,1.6375849820399329
full-rank,2.0,0,1,-1,45.0,0.5634646380197034,2,1.609896231490128
full-rank,2.0,0,1,-1,50.0,0.6281991967436922,2,1.574661934414419
full-rank,2.0,0,1,-1,60.0,0.7745432687347426,2,1.4809507440984064
full-rank,2.0,0,1,-1,70.0,0.9565938037954222,2,1.3763877977102168
full-rank,2.0,0,1,-1,75.0,1.068509201329712,2,1.3235900275877248
full-rank,2.0,0,1,-1,80.0,1.2028301815629707,2,1.265462511086424
full-rank,2.0,0,1,-1,82.13,1.269203371152307,2,1.241110383471145
full-rank,2.0,0,1,-1,85.0,1.3710678395738598,2,1.2055494234230484
full-rank,2.0,0,1,-1,90.0,1.6047909396166857,2,1.1396184983768425
full-rank,2.0,0,1,-1,95.0,1.995498619381582,2,1.0708649971021393
full-rank,2.0,0,1,-1,99.0,2.8536737215178274,2,1.0026754158403581
full-rank,2.0,0,1,-1,99.73,3.49713681825353,2,0.9847173073024191
full-rank,5.0,0,1,-1,5.0,0.17993254299415956,5,2.110009352696969
full-rank,5.0,0,1,-1,10.0,0.26042267159217797,5,2.067973159673983
full-rank,5.0,0,1,-1,15.0,0.3275718059990432,5,2.0187440620311903
full-rank,5.0,0,1,-1,20.0,0.38834760958336184,5,1.9561774714358553
full-rank,5.0,0,1,-1,25.0,0.44609204414942133,5,1.8839118075766295
full-rank,5.0,0,1,-1,30.0,0.5030933922373789,5,1.8094753407515725
full-rank,5.0,0,1,-1,35.0,0.559681630065134,5,1.7396613646645087
full-rank,5.0,0,1,-1,40.0,0.616543263896537,5,1.6734821661306007
full-rank,5.0,0,1,-1,45.0,0.6750164449168623,5,1.6080515636940453
full-rank,5.0,0,1,-1,50.0,0.7358453353252233,5,1.5447131351627934
full-rank,5.0,0,1,-1,60.0,0.8704909423619809,5,1.4279773740071504
full-rank,5.0,0,1,-1,70.0,1.0297350139360597,5,1.3174481925437738
full-rank,5.0,0,1,-1,75.0,1.125501028157113,5,1.2628638437988045
full-rank,5.0,0,1,-1,80.0,1.237120856821227,5,1.2125316929865995
full-rank,5.0,0,1,-1,82.13,1.2922485087229705,5,1.1908310860591083
full-rank,5.0,0,1,-1,85.0,1.3763376867874941,5,1.162154077017436
full-rank,5.0,0,1,-1,90.0,1.5641188499979548,5,1.111492114530885
full-rank,5.0,0,1,-1,95.0,1.8701361717240759,5,1.0576874608197766
full-rank,5.0,0,1,-1,99.0,2.5186109611838736,5,1.0061775599995237
full-rank,5.0,0,1,-1,99.73,2.983229101702104,5,0.9932071538003205
full-rank,10.0,0,1,-1,5.0,0.2047572791063951,10,2.5603161066051365
full-rank,10.0,0,1,-1,10.0,0.2939369465636555,10,2.360138329841567
full-rank,10.0,0,1,-1,15.0,0.36573502997912233,10,2.1994222114880175
full-rank,10.0,0,1,-1,20.0,0.43013767714915474,10,2.0629188772213607
full-rank,10.0,0,1,-1,25.0,0.49060483364455143,10,1.9387665948622956
full-rank,10.0,0,1,-1,30.0,0.5488097185702943,10,1.831904752833586
full-rank,10.0,0,1,-1,35.0,0.6064321960479646,10,1.7367774126325333
full-rank,10.0,0,1,-1,40.0,0.663737163943139,10,1.6544992602897584
full-rank,10.0,0,1,-1,45.0,0.7219357465345467,10,1.5799820589871065
full-rank,10.0,0,1,-1,50.0,0.7814077915029316,10,1.512863129401252
full-rank,10.0,0,1,-1,60.0,0.9102873088344877,10,1.394213207489433
full-rank,10.0,0,1,-1,70.0,1.0597686468235143,10,1.2900492860343584
full-rank,10.0,0,1,-1,75.0,1.1481697071680976,10,1.24198753268744
full-rank,10.0,0,1,-1,80.0,1.2515067192801521,10,1.1953069072252722
full-rank,10.0,0,1,-1,82.13,1.3014861770420474,10,1.1756965327148616
full-rank,10.0,0,1,-1,85.0,1.376809419759474,10,1.1492179491810666
full-rank,10.0,0,1,-1,90.0,1.5431140928929312,10,1.103652271922574
full-rank,10.0,0,1,-1,95.0,1.8071085988590763,10,1.0581117439085763
full-rank,10.0,0,1,-1,99.0,2.3607810678479,10,1.017548472605217
full-rank,10.0,0,1,-1,99.73,2.748708846443284,10,1.0083854211027616
full-rank,20.0,0,1,-1,5.0,0.21701315249519854,20,2.7351765532750796
full-rank,20.0,0,1,-1,10.0,0.3107762749510287,20,2.48817258058344
full-rank,20.0,0,1,-1,15.0,0.38570500078022074,20,2.2687883853797453
full-rank,20.0,0,1,-1,20.0,0.4520358378135104,20,2.092516105359846
full-rank,20.0,0,1,-1,25.0,0.5139323503842483,20,1.94777796165446
full-rank,20.0,0,1,-1,30.0,0.5729703200675146,20,1.8280762415654817
full-rank,20.0,0,1,-1,35.0,0.630895023836037,20,1.7267333118008878
full-rank,20.0,0,1,-1,40.0,0.6883415044594844,20,1.6391190951732937
full-rank,20.0,0,1,-1,45.0,0.7461497174173536,20,1.5613192407077767
full-rank,20.0,0,1,-1,50.0,0.8056256419015929,20,1.492424364940209
full-rank,20.0,0,1,-1,60.0,0.9314328056252977,20,1.3728700391418651
full-rank,20.0,0,1,-1,70.0,1.0755775052541758,20,1.2717414807880336
full-rank,20.0,0,1,-1,75.0,1.1594113084737514,20,1.2258776896032897
full-rank,20.0,0,1,-1,80.0,1.2559494118347596,20,1.1820802941018915
full-rank,20.0,0,1,-1,82.13,1.3029824422080687,20,1.1642696831972121
full-rank,20.0,0,1,-1,85.0,1.3731188293487018,20,1.1398004782070268
full-rank,20.0,0,1,-1,90.0,1.5272819305052312,20,1.097393604133484
full-rank,20.0,0,1,-1,95.0,1.7676179744295897,20,1.0553189598093453
full-rank,20.0,0,1,-1,99.0,2.256096222551964,20,1.0191629460671465
full-rank,20.0,0,1,-1,99.73,2.59333851643641,20,1.0118659051329568
full-rank,50.0,0,1,-1,5.0,0.2236319064858237,50,2.8628558070610213
full-rank,50.0,0,1,-1,10.0,0.31889765798627184,50,2.5508823251598485
full-rank,50.0,0,1,-1,15.0,0.39609558240463316,50,2.301678618168366
full-rank,50.0,0,1,-1,20.0,0.46440157998962706,50,2.102970661099679
full-rank,50.0,0,1,-1,25.0,0.5272408015332476,50,1.9457336344066625
full-rank,50.0,0,1,-1,30.0,0.5874655497667888,50,1.8162434978155904
full-rank,50.0,0,1,-1,35.0,0.6458487916839595,50,1.708950760739005
full-rank,50.0,0,1,-1,40.0,0.7036041477148941,50,1.6184334234659357
full-rank,50.0,0,1,-1,45.0,0.7625380442111105,50,1.5396200381229184
full-rank,50.0,0,1,-1,50.0,0.822083933871775,50,1.4706615342102363
full-rank,50.0,0,1,-1,60.0,0.947308930911599,50,1.3539745779733359
full-rank,50.0,0,1,-1,70.0,1.0893896670665384,50,1.2558411302170043
full-rank,50.0,0,1,-1,75.0,1.1705953788514436,50,1.2110867293839187
full-rank,50.0,0,1,-1,80.0,1.2638315690514361,50,1.1685754104525672
full-rank,50.0,0,1,-1,82.13,1.3085318425526284,50,1.1511765300585046
full-rank,50.0,0,1,-1,85.0,1.3755135252065733,50,1.1278681553404641
full-rank,50.0,0,1,-1,90.0,1.5213615697331213,50,1.0882080209270109
full-rank,50.0,0,1,-1,95.0,1.7454916991033549,50,1.0491690645369982
full-rank,50.0,0,1,-1,99.0,2.1860216037948197,50,1.0165516670829637
full-rank,50.0,0,1,-1,99.73,2.4796793740149665,50,1.0101363522272413
full-rank,100.0,0,1,-1,5.0,0.22599342080983048,100,2.898591216429683
full-rank,100.0,0,1,-1,10.0,0.3231214225112502,100,2.533815201354392
full-rank,100.0,0,1,-1,15.0,0.4007117897862341,100,2.266648330623874
full-rank,100.0,0,1,-1,20.0,0.46949635701069453,100,2.0642785319085397
full-rank,100.0,0,1,-1,25.0,0.5328523865054878,100,1.9049471804941558
full-rank,100.0,0,1,-1,30.0,0.5930951265321399,100,1.7749517479274863
full-rank,100.0,0,1,-1,35.0,0.6515637981121881,100,1.668889337387992
full-rank,100.0,0,1,-1,40.0,0.7096604728064555,100,1.5793092527245078
full-rank,100.0,0,1,-1,45.0,0.7680344391975262,100,1.5023799514391096
full-rank,100.0,0,1,-1,50.0,0.8272203694932558,100,1.4349243828530533
full-rank,100.0,0,1,-1,60.0,0.9518874933080396,100,1.3203910880411276
full-rank,100.0,0,1,-1,70.0,1.092640262507268,100,1.224469692512041
full-rank,100.0,0,1,-1,75.0,1.173613438141457,100,1.181181394932978
full-rank,100.0,0,1,-1,80.0,1.2657989133385361,100,1.1399452921167204
full-rank,100.0,0,1,-1,82.13,1.3097821653550026,100,1.1230662627818981
full-rank,100.0,0,1,-1,85.0,1.3767301115365655,100,1.1009174891110818
full-rank,100.0,0,1,-1,90.0,1.5177245908596402,100,1.0629578977709304
full-rank,100.0,0,1,-1,95.0,1.7352094636160846,100,1.0251482046674292
full-rank,100.0,0,1,-1,99.0,2.15921692627723,100,0.9941801081071613
full-rank,100.0,0,1,-1,99.73,2.4406382725204248,100,0.9879006152935428
full-rank,500.0,0,1,-1,5.0,0.22637572510443588,500,
full-rank,500.0,0,1,-1,10.0,0.3249943566981718,500,
full-rank,500.0,0,1,-1,15.0,0.40269368509276826,500,
full-rank,500.0,0,1,-1,20.0,0.47148379233906856,500,
full-rank,500.0,0,1,-1,25.0,0.5351283148111495,500,
full-rank,500.0,0,1,-1,30.0,0.5944018616291655,500,
full-rank,500.0,0,1,-1,35.0,0.6535300097187483,500,
full-rank,500.0,0,1,-1,40.0,0.7123874898671417,500,
full-rank,500.0,0,1,-1,45.0,0.7713665008720411,500,
full-rank,500.0,0,1,-1,50.0,0.8312167936226454,500,
full-rank,500.0,0,1,-1,60.0,0.9532722585211816,500,
full-rank,500.0,0,1,-1,70.0,1.094956011494382,500,
full-rank,500.0,0,1,-1,75.0,1.1755732690729828,500,
full-rank,500.0,0,1,-1,80.0,1.268859813539644,500,
full-rank,500.0,0,1,-1,82.13,1.3134441574650066,500,
full-rank,500.0,0,1,-1,85.0,1.3773239063689335,500,
full-rank,500.0,0,1,-1,90.0,1.516201592640836,500,
full-rank,500.0,0,1,-1,95.0,1.727842450155297,500,
full-rank,500.0,0,1,-1,99.0,2.1380624723631203,500,
full-rank,500.0,0,1,-1,99.73,2.3998917718220834,500,
half-rank,1.0,0,1,-1,5.0,0.05258305461858974,2,0.4677208973007449
half-rank,1.0,0,1,-1,10.0,0.09019028769614985,2,0.6563239992134903
half-rank,1.0,0,1,-1,15.0,0.12838059967588233,2,0.8399450333698439
half-rank,1.0,0,1,-1,20.0,0.1690421654931414,2,0.9920627643784601
half-rank,1.0,0,1,-1,25.0,0.2124333201986756,2,1.1257468346151203
half-rank,1.0,0,1,-1,30.0,0.26004301815405995,2,1.2361062064339072
half-rank,1.0,0,1,-1,35.0,0.31080986281876666,2,1.330813935723911
half-rank,1.0,0,1,-1,40.0,0.36632177578638025,2,1.395274645455956
half-rank,1.0,0,1,-1,45.0,0.427207303006018,2,1.448858601925315
half-rank,1.0,0,1,-1,50.0,0.494002219710008,2,1.4859845331910175
half-rank,1.0,0,1,-1,60.0,0.6507566017086901,2,1.517477233056648
half-rank,1.0,0,1,-1,70.0,0.8529909494533827,2,1.4955395786864059
half-rank,1.0,0,1,-1,75.0,0.9807164719256676,2,1.4657478539888769
half-rank,1.0,0,1,-1,80.0,1.1380809009982982,2,1.4258874281767777
half-rank,1.0,0,1,-1,82.13,1.2177931580220618,2,1.408687754737226
half-rank,1.0,0,1,-1,85.0,1.34051336639263,2,1.3732751623328932
half-rank,1.0,0,1,-1,90.0,1.6261152676356823,2,1.3005699922795313
half-rank,1.0,0,1,-1,95.0,2.1128975018888894,2,1.208703024567026
half-rank,1.0,0,1,-1,99.0,3.2167386105345654,2,1.1000944307178984
half-rank,1.0,0,1,-1,99.73,4.071760998280054,2,1.0717425304610617
half-rank,2.5,0,1,-1,5.0,0.16143565172574417,5,1.9256990687736018
half-rank,2.5,0,1,-1,10.0,0.23541078916528066,5,1.9367379813287333
half-rank,2.5,0,1,-1,15.0,0.29748361907665766,5,1.894624208184096
half-rank,2.5,0,1,-1,20.0,0.3543467758405482,5,1.8455946702357036
half-rank,2.5,0,1,-1,25.0,0.4089492377378103,5,1.7955345399507046
half-rank,2.5,0,1,-1,30.0,0.463115686241143,5,1.743394513543117
half-rank,2.5,0,1,-1,35.0,0.5176211446809822,5,1.6873623258617738
half-rank,2.5,0,1,-1,40.0,0.5734198565742604,5,1.6302995057817384
half-rank,2.5,0,1,-1,45.0,0.6312903489617219,5,1.574174751840117
half-rank,2.5,0,1,-1,50.0,0.6923795292282897,5,1.5204685339932975
half-rank,2.5,0,1,-1,60.0,0.8275999074666569,5,1.4141959100432704
half-rank,2.5,0,1,-1,70.0,0.9927388210487138,5,1.3180337387551526
half-rank,2.5,0,1,-1,75.0,1.0936107468954333,5,1.2690123119763346
half-rank,2.5,0,1,-1,80.0,1.2140273420080938,5,1.2186980170219333
half-rank,2.5,0,1,-1,82.13,1.273788924002601,5,1.19852662928503
half-rank,2.5,0,1,-1,85.0,1.3663531306292147,5,1.1708961490401935
half-rank,2.5,0,1,-1,90.0,1.5746034882041333,5,1.1170341969883737
half-rank,2.5,0,1,-1,95.0,1.920365908120869,5,1.0603744549712002
half-rank,2.5,0,1,-1,99.0,2.693676890800118,5,1.0057261049739918
half-rank,2.5,0,1,-1,99.73,3.265681066854067,5,0.9934957634651738
half-rank,5.0,0,1,-1,5.0,0.17991219207716702,10,2.1866788316573067
half-rank,5.0,0,1,-1,10.0,0.2607211125429402,10,2.1584422661670213
half-rank,5.0,0,1,-1,15.0,0.327886480996024,10,2.074208368555901
half-rank,5.0,0,1,-1,20.0,0.38881008523582283,10,1.9874379841965957
half-rank,5.0,0,1,-1,25.0,0.4467734852552912,10,1.9063220097537894
half-rank,5.0,0,1,-1,30.0,0.5033224017864543,10,1.8264649647715927
half-rank,5.0,0,1,-1,35.0,0.5598310460640181,10,1.7506773494764345
half-rank,5.0,0,1,-1,40.0,0.6168539514804359,10,1.6788440620805622
half-rank,5.0,0,1,-1,45.0,0.676241330528951,10,1.612121252850607
half-rank,5.0,0,1,-1,50.0,0.737426193612318,10,1.5509921276276522
half-rank,5.0,0,1,-1,60.0,0.8713330207623505,10,1.433360847118783
half-rank,5.0,0,1,-1,70.0,1.0298539964626652,10,1.3224134247678672
half-rank,5.0,0,1,-1,75.0,1.124894971910145,10,1.27119632151222
half-rank,5.0,0,1,-1,80.0,1.2363409070580738,10,1.221966233798733
half-rank,5.0,0,1,-1,82.13,1.2913859588423906,10,1.2007109982594915
half-rank,5.0,0,1,-1,85.0,1.3747409888134268,10,1.1716449958000124
half-rank,5.0,0,1,-1,90.0,1.5614771814430608,10,1.121317602273995
half-rank,5.0,0,1,-1,95.0,1.8648289831595783,10,1.0677157948498133
half-rank,5.0,0,1,-1,99.0,2.519775227063347,10,1.0171586519858993
half-rank,5.0,0,1,-1,99.73,2.9990195470477934,10,1.0029031783045679
half-rank,10.0,0,1,-1,5.0,0.20511109992462875,20,2.576313160524394
half-rank,10.0,0,1,-1,10.0,0.29349396107146375,20,2.387515487374659
half-rank,10.0,0,1,-1,15.0,0.36584644981237113,20,2.1942565758639363
half-rank,10.0,0,1,-1,20.0,0.43048243299444194,20,2.044636349409551
half-rank,10.0,0,1,-1,25.0,0.49067969481306717,20,1.9207701166178786
half-rank,10.0,0,1,-1,30.0,0.5492064095402477,20,1.815161007222482
half-rank,10.0,0,1,-1,35.0,0.6064139505274753,20,1.7238609183651659
half-rank,10.0,0,1,-1,40.0,0.663715605844091,20,1.6453708499918456
half-rank,10.0,0,1,-1,45.0,0.7219139687355411,20,1.5738119604140888
half-rank,10.0,0,1,-1,50.0,0.7815273717606944,20,1.5075774459577416
half-rank,10.0,0,1,-1,60.0,0.9105914488367735,20,1.3904275716068732
half-rank,10.0,0,1,-1,70.0,1.0597584560113944,20,1.28781463600169
half-rank,10.0,0,1,-1,75.0,1.1469849279111568,20,1.2408397561071236
half-rank,10.0,0,1,-1,80.0,1.248914316068133,20,1.196601569769856
half-rank,10.0,0,1,-1,82.13,1.2991752502957632,20,1.1783880118496728
half-rank,10.0,0,1,-1,85.0,1.3743371938516271,20,1.154116726829708
half-rank,10.0,0,1,-1,90.0,1.5409424733739063,20,1.1104069820551226
half-rank,10.0,0,1,-1,95.0,1.8062481245052247,20,1.064383341790951
half-rank,10.0,0,1,-1,99.0,2.354363034826039,20,1.021616421713318
half-rank,10.0,0,1,-1,99.73,2.7443070673901255,20,1.0132681785685864
half-rank,25.0,0,1,-1,5.0,0.21850676558371931,50,2.823650554035713
half-rank,25.0,0,1,-1,10.0,0.31250468970184925,50,2.513255017264851
half-rank,25.0,0,1,-1,15.0,0.3882772366989881,50,2.2676338871437354
half-rank,25.0,0,1,-1,20.0,0.4551770931157774,50,2.0803726558368827
half-rank,25.0,0,1,-1,25.0,0.5176132849360016,50,1.9294806419362431
half-rank,25.0,0,1,-1,30.0,0.5775778229137958,50,1.8058832070938355
half-rank,25.0,0,1,-1,35.0,0.6358599345248755,50,1.7029406793325101
half-rank,25.0,0,1,-1,40.0,0.6937331269133453,50,1.6141065393959004
half-rank,25.0,0,1,-1,45.0,0.7518316607822854,50,1.537631908865683
half-rank,25.0,0,1,-1,50.0,0.8114432346959918,50,1.4710152497485276
half-rank,25.0,0,1,-1,60.0,0.9370989832605989,50,1.3552763626257087
half-rank,25.0,0,1,-1,70.0,1.080735965128701,50,1.2577145322632635
half-rank,25.0,0,1,-1,75.0,1.1633965979600895,50,1.2133777036536024
half-rank,25.0,0,1,-1,80.0,1.2592202700575275,50,1.1711276237390886
half-rank,25.0,0,1,-1,82.13,1.3045512208407548,50,1.1535801876297032
half-rank,25.0,0,1,-1,85.0,1.3735647579232189,50,1.1302779352825774
half-rank,25.0,0,1,-1,90.0,1.5238742464189903,50,1.090236231357507
half-rank,25.0,0,1,-1,95.0,1.7602631492045298,50,1.0497567237785908
half-rank,25.0,0,1,-1,99.0,2.2308807845029053,50,1.0155996438434303
half-rank,25.0,0,1,-1,99.73,2.5528339246546627,50,1.00829967280233
half-rank,50.0,0,1,-1,5.0,0.22351079146350677,100,2.8543851609286053
half-rank,50.0,0,1,-1,10.0,0.31936164573689557,100,2.527901231135427
half-rank,50.0,0,1,-1,15.0,0.3963084841156996,100,2.282145687532083
half-rank,50.0,0,1,-1,20.0,0.4641454510451009,100,2.08668456304345
half-rank,50.0,0,1,-1,25.0,0.5270458859864877,100,1.9308753197177928
half-rank,50.0,0,1,-1,30.0,0.5872400052107682,100,1.803048795428353
half-rank,50.0,0,1,-1,35.0,0.6456127604908056,100,1.6973617709754183
half-rank,50.0,0,1,-1,40.0,0.7036750952352527,100,1.6079015959383522
half-rank,50.0,0,1,-1,45.0,0.7619155000338539,100,1.5300495868353805
half-rank,50.0,0,1,-1,50.0,0.8211317516919954,100,1.4615183719309737
half-rank,50.0,0,1,-1,60.0,0.9464385784962135,100,1.344749414066667
half-rank,50.0,0,1,-1,70.0,1.0875201522151223,100,1.2467727250451155
half-rank,50.0,0,1,-1,75.0,1.1688366385266429,100,1.202554101722253
half-rank,50.0,0,1,-1,80.0,1.2618008976872743,100,1.1603894162307171
half-rank,50.0,0,1,-1,82.13,1.3070108311948279,100,1.1429844922549333
half-rank,50.0,0,1,-1,85.0,1.3741596618838883,100,1.1196867454520074
half-rank,50.0,0,1,-1,90.0,1.5197059116578528,100,1.0800276610357717
half-rank,50.0,0,1,-1,95.0,1.743740765243194,100,1.0406899917566346
half-rank,50.0,0,1,-1,99.0,2.185473433673116,100,1.0072960115562508
half-rank,50.0,0,1,-1,99.73,2.481206152066362,100,1.0006967835975265
half-rank,250.01,0,1,-1,5.0,0.2267920066891213,500,
half-rank,250.01,0,1,-1,10.0,0.3252265675724092,500,
half-rank,250.01,0,1,-1,15.0,0.40280694670170075,500,
half-rank,250.01,0,1,-1,20.0,0.47131464120120975,500,
half-rank,250.01,0,1,-1,25.0,0.535236248291685,500,
half-rank,250.01,0,1,-1,30.0,0.5958159563424797,500,
half-rank,250.01,0,1,-1,35.0,0.6545134287647804,500,
half-rank,250.01,0,1,-1,40.0,0.7118060524580028,500,
half-rank,250.01,0,1,-1,45.0,0.7702510545900499,500,
half-rank,250.01,0,1,-1,50.0,0.8296686757030869,500,
half-rank,250.01,0,1,-1,60.0,0.953793255789349,500,
half-rank,250.01,0,1,-1,70.0,1.0960688687961124,500,
half-rank,250.01,0,1,-1,75.0,1.1781181981135012,500,
half-rank,250.01,0,1,-1,80.0,1.2680761025985576,500,
half-rank,250.01,0,1,-1,82.13,1.3116938358261296,500,
half-rank,250.01,0,1,-1,85.0,1.3756775074218757,500,
half-rank,250.01,0,1,-1,90.0,1.5158370451689003,500,
half-rank,250.01,0,1,-1,95.0,1.7317924535448685,500,
half-rank,250.01,0,1,-1,99.0,2.131194432186367,500,
half-rank,250.01,0,1,-1,99.73,2.4109684742019177,500,
low-rank,1.0,0,1,-1,5.0,0.03773612552626675,2,0.44833762833951
low-rank,1.0,0,1,-1,5.0,0.04012722817118931,5,0.40916327641874695
low-rank,1.0,0,1,-1,5.0,0.04371456978949647,10,0.48893194796081707
low-rank,1.0,0,1,-1,10.0,0.07553214627603086,2,0.6018221297229125
low-rank,1.0,0,1,-1,10.0,0.07682365210618512,5,0.5374020907209441
low-rank,1.0,0,1,-1,10.0,0.07889392575813264,10,0.6410526946741999
low-rank,1.0,0,1,-1,15.0,0.11567807782781256,2,0.8571634730610477
low-rank,1.0,0,1,-1,15.0,0.11658543691131829,5,0.7998991507270367
low-rank,1.0,0,1,-1,15.0,0.11767454957252939,10,0.8429851832423584
low-rank,1.0,0,1,-1,20.0,0.1587561444416526,2,1.0426446013024706
low-rank,1.0,0,1,-1,20.0,0.15927790537365527,5,1.0012054400597585
low-rank,1.0,0,1,-1,20.0,0.15996050635508313,10,1.0292198075825776
low-rank,1.0,0,1,-1,25.0,0.2042615483557229,2,1.1886600683013
low-rank,1.0,0,1,-1,25.0,0.2044927943205627,5,1.1571114301837762
low-rank,1.0,0,1,-1,25.0,0.20521066309665031,10,1.187272730458458
low-rank,1.0,0,1,-1,30.0,0.25319852885326466,2,1.2858261296058182
low-rank,1.0,0,1,-1,30.0,0.25315924261073924,5,1.2679880740133138
low-rank,1.0,0,1,-1,30.0,0.2538252551820844,10,1.3113564710282875
low-rank,1.0,0,1,-1,35.0,0.3059143742331015,2,1.3640783854970393
low-rank,1.0,0,1,-1,35.0,0.30554699675584013,5,1.370635454614253
low-rank,1.0,0,1,-1,35.0,0.3054322548516536,10,1.4150706863371847
low-rank,1.0,0,1,-1,40.0,0.3619492622647936,2,1.4338511205966222
low-rank,1.0,0,1,-1,40.0,0.36216041160221135,5,1.4402879109262028
low-rank,1.0,0,1,-1,40.0,0.3618208910473138,10,1.5081744089533529
low-rank,1.0,0,1,-1,45.0,0.42345103645768234,2,1.4878736529212089
low-rank,1.0,0,1,-1,45.0,0.42325859466132104,5,1.4777997712169462
low-rank,1.0,0,1,-1,45.0,0.42364602938399853,10,1.5645942969303859
low-rank,1.0,0,1,-1,50.0,0.4911705201221145,2,1.5353873413589945
low-rank,1.0,0,1,-1,50.0,0.4906271465023854,5,1.495213182987691
low-rank,1.0,0,1,-1,50.0,0.49102291902944845,10,1.597392883320809
low-rank,1.0,0,1,-1,60.0,0.6494029971171753,2,1.5947247655196368
low-rank,1.0,0,1,-1,60.0,0.6482682838949838,5,1.4594224012741044
low-rank,1.0,0,1,-1,60.0,0.6488977912495795,10,1.6028168980741442
low-rank,1.0,0,1,-1,70.0,0.8525959368732332,2,1.5733113381902253
low-rank,1.0,0,1,-1,70.0,0.8513680176479562,5,1.3844093073211132
low-rank,1.0,0,1,-1,70.0,0.8516825216068786,10,1.5330065653434652
low-rank,1.0,0,1,-1,75.0,0.9814552880197857,2,1.5323584105637373
low-rank,1.0,0,1,-1,75.0,0.9807748370983791,5,1.3389264726870196
low-rank,1.0,0,1,-1,75.0,0.980891845108976,10,1.487180106368105
low-rank,1.0,0,1,-1,80.0,1.1389225260858988,2,1.4820696598421523
low-rank,1.0,0,1,-1,80.0,1.1381854718028435,5,1.287851705495779
low-rank,1.0,0,1,-1,80.0,1.1387416472415437,10,1.4368035171178632
low-rank,1.0,0,1,-1,82.13,1.219038906196264,2,1.4543672312343388
low-rank,1.0,0,1,-1,82.13,1.217346791129828,5,1.2627327210366104
low-rank,1.0,0,1,-1,82.13,1.2180666848480268,10,1.414745485612372
low-rank,1.0,0,1,-1,85.0,1.342875193131999,2,1.4145212038804291
low-rank,1.0,0,1,-1,85.0,1.3416579977020766,5,1.2290187858078518
low-rank,1.0,0,1,-1,85.0,1.341403157702215,10,1.377816906811741
low-rank,1.0,0,1,-1,90.0,1.6292613837118526,2,1.3320760870794737
low-rank,1.0,0,1,-1,90.0,1.6273370102439748,5,1.1613343800488642
low-rank,1.0,0,1,-1,90.0,1.6276454819441266,10,1.309917917738544
low-rank,1.0,0,1,-1,95.0,2.115415174157036,2,1.2382000510050815
low-rank,1.0,0,1,-1,95.0,2.1125462311787357,5,1.0780911817388479
low-rank,1.0,0,1,-1,95.0,2.112170951571817,10,1.2326982324215474
low-rank,1.0,0,1,-1,99.0,3.2378084925757493,2,1.13193734640872
low-rank,1.0,0,1,-1,99.0,3.233152773164136,5,0.990795124291901
low-rank,1.0,0,1,-1,99.0,3.22503482618052,10,1.15196769735978
low-rank,1.0,0,1,-1,99.73,4.078681829172739,2,1.1069134549878645
low-rank,1.0,0,1,-1,99.73,4.083176917092351,5,0.9673005497633722
low-rank,1.0,0,1,-1,99.73,4.0698154253886205,10,1.1286903847429888
low-rank,2.0,0,1,-1,5.0,0.10932104934625604,20,1.2466724915467267
low-rank,2.0,0,1,-1,10.0,0.17149736649275898,20,1.4819814870015904
low-rank,2.0,0,1,-1,15.0,0.22775772386500007,20,1.5918954612146652
low-rank,2.0,0,1,-1,20.0,0.28162541620115383,20,1.6530434256062374
low-rank,2.0,0,1,-1,25.0,0.33511412672936325,20,1.670379250769215
low-rank,2.0,0,1,-1,30.0,0.38977636525254306,20,1.6736160041950137
low-rank,2.0,0,1,-1,35.0,0.4452780460643645,20,1.662903822228022
low-rank,2.0,0,1,-1,40.0,0.5034317235356612,20,1.6408096062324735
low-rank,2.0,0,1,-1,45.0,0.5641195551079561,20,1.6261034466237514
low-rank,2.0,0,1,-1,50.0,0.629070306775396,20,1.603392121248206
low-rank,2.0,0,1,-1,60.0,0.7752040433249914,20,1.5335218581427068
low-rank,2.0,0,1,-1,70.0,0.9562155021274815,20,1.4469287994834785
low-rank,2.0,0,1,-1,75.0,1.0672168755922031,20,1.400569652757065
low-rank,2.0,0,1,-1,80.0,1.2020611526706533,20,1.3472888632784437
low-rank,2.0,0,1,-1,82.13,1.2681720111992911,20,1.3235114276730349
low-rank,2.0,0,1,-1,85.0,1.3709794773805217,20,1.2917579804587853
low-rank,2.0,0,1,-1,90.0,1.6050841572799648,20,1.2321282284205715
low-rank,2.0,0,1,-1,95.0,1.9919284169274505,20,1.1587263277407738
low-rank,2.0,0,1,-1,99.0,2.850475669064386,20,1.0768710427607762
low-rank,2.0,0,1,-1,99.73,3.476516360380496,20,1.0541299472425505
low-rank,5.0,0,1,-1,5.0,0.1804576198217923,50,2.241741662789626
low-rank,5.0,0,1,-1,10.0,0.2609796730671453,50,2.1288829818287183
low-rank,5.0,0,1,-1,15.0,0.32798554009896447,50,2.033003504357134
low-rank,5.0,0,1,-1,20.0,0.3887179066573877,50,1.9503039352081746
low-rank,5.0,0,1,-1,25.0,0.44656813637731707,50,1.8637174673795567
low-rank,5.0,0,1,-1,30.0,0.503735631448424,50,1.7839621915690167
low-rank,5.0,0,1,-1,35.0,0.5606295662924871,50,1.7123055406490273
low-rank,5.0,0,1,-1,40.0,0.6175535371645806,50,1.6472997951974637
low-rank,5.0,0,1,-1,45.0,0.6764933733470243,50,1.5863000447828957
low-rank,5.0,0,1,-1,50.0,0.7379171445402125,50,1.5277866706099072
low-rank,5.0,0,1,-1,60.0,0.8718570004373942,50,1.4209282475306222
low-rank,5.0,0,1,-1,70.0,1.030602905776038,50,1.320524280360509
low-rank,5.0,0,1,-1,75.0,1.1252130175712909,50,1.2735237580729797
low-rank,5.0,0,1,-1,80.0,1.2370900986751523,50,1.2281585662990433
low-rank,5.0,0,1,-1,82.13,1.2924234520228428,50,1.2087309903526875
low-rank,5.0,0,1,-1,85.0,1.3762075380811956,50,1.1821176380699678
low-rank,5.0,0,1,-1,90.0,1.563944574592912,50,1.1331675340502727
low-rank,5.0,0,1,-1,95.0,1.8688254199701366,50,1.0835833981432121
low-rank,5.0,0,1,-1,99.0,2.5184084193554668,50,1.0348022806812125
low-rank,5.0,0,1,-1,99.73,2.9760656875078864,50,1.0245096868511554
low-rank,10.01,0,1,-1,5.0,0.2049838989062037,100,2.625389808073496
low-rank,10.01,0,1,-1,10.0,0.29435107598748605,100,2.4087958545902355
low-rank,10.01,0,1,-1,15.0,0.36645516947177526,100,2.232634890086422
low-rank,10.01,0,1,-1,20.0,0.4309712248315055,100,2.076463943691144
low-rank,10.01,0,1,-1,25.0,0.4917315929185907,100,1.9478782033569046
low-rank,10.01,0,1,-1,30.0,0.5500221710738089,100,1.8385004872820119
low-rank,10.01,0,1,-1,35.0,0.6072088301055216,100,1.7418872770490446
low-rank,10.01,0,1,-1,40.0,0.6644925665604553,100,1.6578693968836546
low-rank,10.01,0,1,-1,45.0,0.7223303395876003,100,1.58353911435947
low-rank,10.01,0,1,-1,50.0,0.7821196634951774,100,1.5168275265569735
low-rank,10.01,0,1,-1,60.0,0.9106365590216413,100,1.4007425276811118
low-rank,10.01,0,1,-1,70.0,1.0601978217973818,100,1.299471063160624
low-rank,10.01,0,1,-1,75.0,1.148347057686637,100,1.2522143712408405
low-rank,10.01,0,1,-1,80.0,1.2506025440979147,100,1.2055592967838649
low-rank,10.01,0,1,-1,82.13,1.3008686049182456,100,1.1859573971760793
low-rank,10.01,0,1,-1,85.0,1.3762276505865074,100,1.1602771402511873
low-rank,10.01,0,1,-1,90.0,1.542046528876726,100,1.1163953854871413
low-rank,10.01,0,1,-1,95.0,1.8038135453411226,100,1.0706532307960703
low-rank,10.01,0,1,-1,99.0,2.353159811582246,100,1.027994143982716
low-rank,10.01,0,1,-1,99.73,2.7417520379680624,100,1.0184070039580033
low-rank,50.04,0,1,-1,5.0,0.22330769639240536,500,
low-rank,50.04,0,1,-1,10.0,0.32057825280280017,500,
low-rank,50.04,0,1,-1,15.0,0.3972695162655838,500,
low-rank,50.04,0,1,-1,20.0,0.4663798031808822,500,
low-rank,50.04,0,1,-1,25.0,0.528113028109237,500,
low-rank,50.04,0,1,-1,30.0,0.5901575003181508,500,
low-rank,50.04,0,1,-1,35.0,0.6490925957186052,500,
low-rank,50.04,0,1,-1,40.0,0.7061490580778828,500,
low-rank,50.04,0,1,-1,45.0,0.764648160760524,500,
low-rank,50.04,0,1,-1,50.0,0.8248608936284362,500,
low-rank,50.04,0,1,-1,60.0,0.9487833399197393,500,
low-rank,50.04,0,1,-1,70.0,1.090744139310365,500,
low-rank,50.04,0,1,-1,75.0,1.1733958240898124,500,
low-rank,50.04,0,1,-1,80.0,1.2657120420343984,500,
low-rank,50.04,0,1,-1,82.13,1.3099895305737679,500,
low-rank,50.04,0,1,-1,85.0,1.3762306342068447,500,
low-rank,50.04,0,1,-1,90.0,1.5223141206639386,500,
low-rank,50.04,0,1,-1,95.0,1.7459534004488515,500,
low-rank,50.04,0,1,-1,99.0,2.187073847213482,500,
low-rank,50.04,0,1,-1,99.73,2.487827248385589,500,
full-rank,2.0,0,0,0,5.0,0.10686428821442369,2,1.1951039084038089
full-rank,2.0,0,0,0,10.0,0.17002585286747068,2,1.4117719842058323
full-rank,2.0,0,0,0,15.0,0.22666397705193528,2,1.468145510542937
full-rank,2.0,0,0,0,20.0,0.2808955994971698,2,1.4998269701919658
full-rank,2.0,0,0,0,25.0,0.3347839198691066,2,1.5183665973197829
full-rank,2.0,0,0,0,30.0,0.3885975493445259,2,1.5150267761551892
full-rank,2.0,0,0,0,35.0,0.44453726920924436,2,1.502838773328574
full-rank,2.0,0,0,0,40.0,0.502848492275284,2,1.488357050415375
full-rank,2.0,0,0,0,45.0,0.5639796949400532,2,1.4733895976412779
full-rank,2.0,0,0,0,50.0,0.628337202174997,2,1.4532882429014813
full-rank,2.0,0,0,0,60.0,0.7750046725636928,2,1.3986876796233765
full-rank,2.0,0,0,0,70.0,0.9558461993803811,2,1.3264019008456893
full-rank,2.0,0,0,0,75.0,1.067514900566263,2,1.2792028180678474
full-rank,2.0,0,0,0,80.0,1.2001207807273893,2,1.2348930255913484
full-rank,2.0,0,0,0,82.13,1.2661843584375705,2,1.2163447651790116
full-rank,2.0,0,0,0,85.0,1.3699303839766521,2,1.1897219966993193
full-rank,2.0,0,0,0,90.0,1.6045439564897226,2,1.1396779069925331
full-rank,2.0,0,0,0,95.0,1.9954394156103887,2,1.076892584349122
full-rank,2.0,0,0,0,99.0,2.857142690640253,2,1.011140436196276
full-rank,2.0,0,0,0,99.73,3.461714354304533,2,0.9990866172510462
full-rank,5.0,0,0,0,5.0,0.17827674395408624,5,2.215909063177907
full-rank,5.0,0,0,0,10.0,0.25930516921241464,5,2.164313569831099
full-rank,5.0,0,0,0,15.0,0.32667527277191843,5,2.1066774657209058
full-rank,5.0,0,0,0,20.0,0.38771128614532396,5,2.050737811329213
full-rank,5.0,0,0,0,25.0,0.445650316123932,5,1.9871248139661408
full-rank,5.0,0,0,0,30.0,0.50272114062378,5,1.9270727035928357
full-rank,5.0,0,0,0,35.0,0.5593903779051408,5,1.8621109068808912
full-rank,5.0,0,0,0,40.0,0.6169848338569534,5,1.7950651304469112
full-rank,5.0,0,0,0,45.0,0.6757515258334075,5,1.7265714961055245
full-rank,5.0,0,0,0,50.0,0.7369230396037272,5,1.6609373162850631
full-rank,5.0,0,0,0,60.0,0.8714207259568827,5,1.5405383617500077
full-rank,5.0,0,0,0,70.0,1.0304274098471473,5,1.4258203613439973
full-rank,5.0,0,0,0,75.0,1.1263532222906936,5,1.3707180544487874
full-rank,5.0,0,0,0,80.0,1.2380369570477123,5,1.3149368482647363
full-rank,5.0,0,0,0,82.13,1.2923946574028364,5,1.2921389739811187
full-rank,5.0,0,0,0,85.0,1.3765549472916478,5,1.2596649200703993
full-rank,5.0,0,0,0,90.0,1.564308462009918,5,1.203147361693794
full-rank,5.0,0,0,0,95.0,1.8697857805857663,5,1.1434695158512207
full-rank,5.0,0,0,0,99.0,2.5206580676531805,5,1.0824924329179688
full-rank,5.0,0,0,0,99.73,2.9553323156062596,5,1.0691280248828678
full-rank,10.0,0,0,0,5.0,0.20322462018961956,10,2.6710353984603343
full-rank,10.0,0,0,0,10.0,0.2924985735873516,10,2.405435862166319
full-rank,10.0,0,0,0,15.0,0.36568319718126796,10,2.2261692491779863
full-rank,10.0,0,0,0,20.0,0.4303784785323409,10,2.0790306643090846
full-rank,10.0,0,0,0,25.0,0.4909148534704892,10,1.9547655458940185
full-rank,10.0,0,0,0,30.0,0.5487678781442618,10,1.8470006267689598
full-rank,10.0,0,0,0,35.0,0.6055134668213608,10,1.750588717024429
full-rank,10.0,0,0,0,40.0,0.6628254426913808,10,1.6659683958352631
full-rank,10.0,0,0,0,45.0,0.7206775495747778,10,1.588990108122188
full-rank,10.0,0,0,0,50.0,0.7806207703396953,10,1.5201233797861546
full-rank,10.0,0,0,0,60.0,0.9092954493795764,10,1.3995535799052523
full-rank,10.0,0,0,0,70.0,1.0584898685999802,10,1.2931177909428866
full-rank,10.0,0,0,0,75.0,1.146294345450426,10,1.243388330508687
full-rank,10.0,0,0,0,80.0,1.2485879046392605,10,1.195479890847129
full-rank,10.0,0,0,0,82.13,1.298034006898869,10,1.1759168204867643
full-rank,10.0,0,0,0,85.0,1.373818433642438,10,1.1478332907540447
full-rank,10.0,0,0,0,90.0,1.5397276290487696,10,1.1009254301915434
full-rank,10.0,0,0,0,95.0,1.8037142767143728,10,1.0539700992803107
full-rank,10.0,0,0,0,99.0,2.349293243707261,10,1.011794609488528
full-rank,10.0,0,0,0,99.73,2.70379540485949,10,1.0024758275784453
full-rank,20.0,0,0,0,5.0,0.21439513163943244,20,2.782120053110888
full-rank,20.0,0,0,0,10.0,0.3083322497270441,20,2.483473494447163
full-rank,20.0,0,0,0,15.0,0.38320522443016874,20,2.2563435634960394
full-rank,20.0,0,0,0,20.0,0.45021091823186954,20,2.079559398453075
full-rank,20.0,0,0,0,25.0,0.5119743071892875,20,1.9323472573631761
full-rank,20.0,0,0,0,30.0,0.5717168455112656,20,1.8109335386641714
full-rank,20.0,0,0,0,35.0,0.629681120273118,20,1.7094857210870598
full-rank,20.0,0,0,0,40.0,0.6879119314216673,20,1.6213635242832218
full-rank,20.0,0,0,0,45.0,0.7458631877087585,20,1.5454440030689616
full-rank,20.0,0,0,0,50.0,0.8052522742666414,20,1.4768804039171688
full-rank,20.0,0,0,0,60.0,0.9318146656602437,20,1.356084442874378
full-rank,20.0,0,0,0,70.0,1.0761508629999545,20,1.2544088792274646
full-rank,20.0,0,0,0,75.0,1.1598834568704632,20,1.2081794794680392
full-rank,20.0,0,0,0,80.0,1.2568669185760584,20,1.1649221075448715
full-rank,20.0,0,0,0,82.13,1.3032179365802024,20,1.1471469655163025
full-rank,20.0,0,0,0,85.0,1.3746746316209875,20,1.1228682634772378
full-rank,20.0,0,0,0,90.0,1.5288309631849795,20,1.0821918492913
full-rank,20.0,0,0,0,95.0,1.768642784733542,20,1.040513043036865
full-rank,20.0,0,0,0,99.0,2.2594100412681413,20,1.0041676347953212
full-rank,20.0,0,0,0,99.73,2.5621545341065515,20,0.9971478203415014
full-rank,50.0,0,0,0,5.0,0.2206659472250127,50,3.072564339397644
full-rank,50.0,0,0,0,10.0,0.31708824036898503,50,2.7045904285292424
full-rank,50.0,0,0,0,15.0,0.39433869082846484,50,2.4183019797173744
full-rank,50.0,0,0,0,20.0,0.462278934081149,50,2.1947988816252604
full-rank,50.0,0,0,0,25.0,0.5259761930476321,50,2.0180007154155786
full-rank,50.0,0,0,0,30.0,0.5864748764684935,50,1.8748129971857073
full-rank,50.0,0,0,0,35.0,0.6449929228058223,50,1.757579188816076
full-rank,50.0,0,0,0,40.0,0.7032853192049563,50,1.6583149743291785
full-rank,50.0,0,0,0,45.0,0.7615209575620907,50,1.5740549250092895
full-rank,50.0,0,0,0,50.0,0.8210050150352753,50,1.5002104622921775
full-rank,50.0,0,0,0,60.0,0.9461337771009302,50,1.375538254379299
full-rank,50.0,0,0,0,70.0,1.0877558110956504,50,1.2709852588964454
full-rank,50.0,0,0,0,75.0,1.1695532277018645,50,1.2241498638051493
full-rank,50.0,0,0,0,80.0,1.26360302954191,50,1.1797466073800549
full-rank,50.0,0,0,0,82.13,1.307467986959847,50,1.1618787888911632
full-rank,50.0,0,0,0,85.0,1.3756092465335663,50,1.137432285468342
full-rank,50.0,0,0,0,90.0,1.5214566066199502,50,1.0950857520180133
full-rank,50.0,0,0,0,95.0,1.747003874366103,50,1.0529501092682327
full-rank,50.0,0,0,0,99.0,2.18661358074021,50,1.0182216497312084
full-rank,50.0,0,0,0,99.73,2.457967585431052,50,1.012028893203455
full-rank,100.0,0,0,0,5.0,0.22459423022573605,100,3.0777324162988875
full-rank,100.0,0,0,0,10.0,0.32113320224626396,100,2.683947884249995
full-rank,100.0,0,0,0,15.0,0.39878511260794863,100,2.3825525879061225
full-rank,100.0,0,0,0,20.0,0.4673712958057334,100,2.152089027293038
full-rank,100.0,0,0,0,25.0,0.5311887667222177,100,1.9729308522843625
full-rank,100.0,0,0,0,30.0,0.5922039572221072,100,1.830003642123771
full-rank,100.0,0,0,0,35.0,0.6509192856297238,100,1.712463579966555
full-rank,100.0,0,0,0,40.0,0.7090656226845291,100,1.6149114306177386
full-rank,100.0,0,0,0,45.0,0.7673870740453734,100,1.5309115446674593
full-rank,100.0,0,0,0,50.0,0.8269808156927116,100,1.4581259284092665
full-rank,100.0,0,0,0,60.0,0.9517574802739862,100,1.3360137125930893
full-rank,100.0,0,0,0,70.0,1.0920528618384262,100,1.2343113857889962
full-rank,100.0,0,0,0,75.0,1.1729012065503854,100,1.1888059089823686
full-rank,100.0,0,0,0,80.0,1.2659768798192794,100,1.1457176450709872
full-rank,100.0,0,0,0,82.13,1.309556156061603,100,1.1283827769971537
full-rank,100.0,0,0,0,85.0,1.3759606904009776,100,1.104560300022372
full-rank,100.0,0,0,0,90.0,1.517458848656847,100,1.0652441437913773
full-rank,100.0,0,0,0,95.0,1.73544572295359,100,1.025707295409793
full-rank,100.0,0,0,0,99.0,2.1600372325606516,100,0.9938124048117377
full-rank,100.0,0,0,0,99.73,2.4189783901934305,100,0.9880200833115496
full-rank,500.0,0,0,0,5.0,0.22523856602956735,500,3.216696230645388
full-rank,500.0,0,0,0,10.0,0.323623241919088,500,2.722903721108147
full-rank,500.0,0,0,0,15.0,0.401926073257158,500,2.418958692014604
full-rank,500.0,0,0,0,20.0,0.47125900287689493,500,2.1876989945519103
full-rank,500.0,0,0,0,25.0,0.5353588185084293,500,2.0062374477401232
full-rank,500.0,0,0,0,30.0,0.5961347432559336,500,1.8639571003969488
full-rank,500.0,0,0,0,35.0,0.6555173482593001,500,1.74452405760207
full-rank,500.0,0,0,0,40.0,0.7139074061257162,500,1.6432122083544332
full-rank,500.0,0,0,0,45.0,0.77259242582242,500,1.556802585234835
full-rank,500.0,0,0,0,50.0,0.8316864283311857,500,1.4830580836932317
full-rank,500.0,0,0,0,60.0,0.9557028120104738,500,1.356900662579725
full-rank,500.0,0,0,0,70.0,1.095538210324862,500,1.2540060801650972
full-rank,500.0,0,0,0,75.0,1.175955041581118,500,1.207779023828108
full-rank,500.0,0,0,0,80.0,1.267191902989158,500,1.1646036578659746
full-rank,500.0,0,0,0,82.13,1.309882536202028,500,1.147091316098547
full-rank,500.0,0,0,0,85.0,1.3760670693229609,500,1.1224358982309737
full-rank,500.0,0,0,0,90.0,1.5159915209611283,500,1.0820169114530214
full-rank,500.0,0,0,0,95.0,1.7281099431241416,500,1.042349169035794
full-rank,500.0,0,0,0,99.0,2.1379809462471955,500,1.0112919285672126
full-rank,500.0,0,0,0,99.73,2.379831427701655,500,1.0050983859358782
half-rank,1.0,0,0,0,5.0,0.051680413859781525,2,0.4854784705692966
half-rank,1.0,0,0,0,10.0,0.08924775910089519,2,0.7144497290458661
half-rank,1.0,0,0,0,15.0,0.12755697417571438,2,0.9114514906277689
half-rank,1.0,0,0,0,20.0,0.16810902662243604,2,1.0599274677515718
half-rank,1.0,0,0,0,25.0,0.21170102344562225,2,1.203647308232513
half-rank,1.0,0,0,0,30.0,0.258828206540808,2,1.3400792812241953
half-rank,1.0,0,0,0,35.0,0.30947222382224815,2,1.4373104607380855
half-rank,1.0,0,0,0,40.0,0.36532299992389555,2,1.4965157595273426
half-rank,1.0,0,0,0,45.0,0.4256929069324544,2,1.5222524251543355
half-rank,1.0,0,0,0,50.0,0.4923961621414771,2,1.5303055806714068
half-rank,1.0,0,0,0,60.0,0.649519895136777,2,1.5261914398684395
half-rank,1.0,0,0,0,70.0,0.8524145845934106,2,1.4981161161796352
half-rank,1.0,0,0,0,75.0,0.9811376648232265,2,1.4664806245098236
half-rank,1.0,0,0,0,80.0,1.1377454652399854,2,1.42928409916379
half-rank,1.0,0,0,0,82.13,1.214688226907441,2,1.409338593619621
half-rank,1.0,0,0,0,85.0,1.3380511070440761,2,1.3778413655123127
half-rank,1.0,0,0,0,90.0,1.6223839355100975,2,1.3212742672455007
half-rank,1.0,0,0,0,95.0,2.106863464806622,2,1.2428875928655134
half-rank,1.0,0,0,0,99.0,3.205892239498637,2,1.1542335852928942
half-rank,1.0,0,0,0,99.73,3.9773840240658656,2,1.127006143564111
half-rank,2.5,0,0,0,5.0,0.15979430509573211,5,2.034192253949077
half-rank,2.5,0,0,0,10.0,0.2342891314330065,5,2.0278065615760306
half-rank,2.5,0,0,0,15.0,0.29633731579700373,5,1.9771527581945556
half-rank,2.5,0,0,0,20.0,0.3535805559275751,5,1.934836380722461
half-rank,2.5,0,0,0,25.0,0.4084193913365814,5,1.8786667013194134
half-rank,2.5,0,0,0,30.0,0.46261442415540827,5,1.8200990874551117
half-rank,2.5,0,0,0,35.0,0.5170697375562094,5,1.7589543530162897
half-rank,2.5,0,0,0,40.0,0.5729707378085802,5,1.6963239395778704
half-rank,2.5,0,0,0,45.0,0.6310944701840511,5,1.6335750107729627
half-rank,2.5,0,0,0,50.0,0.6918881281467807,5,1.5762493583260775
half-rank,2.5,0,0,0,60.0,0.827400031291883,5,1.4573535750407924
half-rank,2.5,0,0,0,70.0,0.9916066909600593,5,1.3436579486618632
half-rank,2.5,0,0,0,75.0,1.092712550411695,5,1.2877125730017924
half-rank,2.5,0,0,0,80.0,1.2138391445571703,5,1.2320591262320872
half-rank,2.5,0,0,0,82.13,1.2726377077224893,5,1.208541258169705
half-rank,2.5,0,0,0,85.0,1.3650693291453302,5,1.176449115647388
half-rank,2.5,0,0,0,90.0,1.5736774488169245,5,1.1189339706154935
half-rank,2.5,0,0,0,95.0,1.9171040994309139,5,1.056480967305236
half-rank,2.5,0,0,0,99.0,2.6894187003258314,5,0.9971278699540852
half-rank,2.5,0,0,0,99.73,3.210665429654161,5,0.9843182418891079
half-rank,5.0,0,0,0,5.0,0.17826463725310115,10,2.2110284032997014
half-rank,5.0,0,0,0,10.0,0.2597731337089748,10,2.116299611261827
half-rank,5.0,0,0,0,15.0,0.32673636221158886,10,2.0199342530885356
half-rank,5.0,0,0,0,20.0,0.3877353595785731,10,1.936306407835008
half-rank,5.0,0,0,0,25.0,0.4456076279514013,10,1.8477918113494347
half-rank,5.0,0,0,0,30.0,0.5026062024723663,10,1.7667727354045524
half-rank,5.0,0,0,0,35.0,0.559246683032996,10,1.694099651923708
half-rank,5.0,0,0,0,40.0,0.6159646903338031,10,1.6229449435284153
half-rank,5.0,0,0,0,45.0,0.6748990594715706,10,1.5560290369463947
half-rank,5.0,0,0,0,50.0,0.7366113200858206,10,1.4948946682246604
half-rank,5.0,0,0,0,60.0,0.870744887350771,10,1.3845727433658033
half-rank,5.0,0,0,0,70.0,1.0297806995512344,10,1.284690314037595
half-rank,5.0,0,0,0,75.0,1.1257852335128746,10,1.237041722389571
half-rank,5.0,0,0,0,80.0,1.2373752879371334,10,1.1894407554136512
half-rank,5.0,0,0,0,82.13,1.2915580887731424,10,1.1696190949053886
half-rank,5.0,0,0,0,85.0,1.3760402524167283,10,1.1421769387044294
half-rank,5.0,0,0,0,90.0,1.5642234957086383,10,1.0941993413052606
half-rank,5.0,0,0,0,95.0,1.870116701567817,10,1.0441291099936831
half-rank,5.0,0,0,0,99.0,2.525402890763797,10,0.9975341390595492
half-rank,5.0,0,0,0,99.73,2.9525278141682567,10,0.9872380824024038
half-rank,10.0,0,0,0,5.0,0.20276453086971163,20,2.623043924894784
half-rank,10.0,0,0,0,10.0,0.29195286007860555,20,2.4152939474461372
half-rank,10.0,0,0,0,15.0,0.36451959718650634,20,2.229162183579102
half-rank,10.0,0,0,0,20.0,0.42905472300623904,20,2.0801773367031826
half-rank,10.0,0,0,0,25.0,0.48918165243926,20,1.951300738172332
half-rank,10.0,0,0,0,30.0,0.5475625471283557,20,1.8396070036671834
half-rank,10.0,0,0,0,35.0,0.605019587141363,20,1.7396574000648293
half-rank,10.0,0,0,0,40.0,0.6628005885420823,20,1.6523869135468054
half-rank,10.0,0,0,0,45.0,0.7208725959174119,20,1.5747345667324342
half-rank,10.0,0,0,0,50.0,0.7805848945835522,20,1.5060734429317013
half-rank,10.0,0,0,0,60.0,0.9095544840680893,20,1.3859842850276896
half-rank,10.0,0,0,0,70.0,1.0595080668807195,20,1.2798880951442864
half-rank,10.0,0,0,0,75.0,1.1480282401916948,20,1.2309164451900931
half-rank,10.0,0,0,0,80.0,1.2502471364329164,20,1.1841451164394514
half-rank,10.0,0,0,0,82.13,1.2990090324064627,20,1.1650217626353432
half-rank,10.0,0,0,0,85.0,1.3750608577516776,20,1.138813496347318
half-rank,10.0,0,0,0,90.0,1.5410868494822791,20,1.093786301036666
half-rank,10.0,0,0,0,95.0,1.80606310343037,20,1.0466977497735974
half-rank,10.0,0,0,0,99.0,2.353675369253003,20,1.0057894572742205
half-rank,10.0,0,0,0,99.73,2.705953650519068,20,0.9972903651813951
half-rank,25.0,0,0,0,5.0,0.21734622194198594,50,2.949099248290906
half-rank,25.0,0,0,0,10.0,0.312297726305367,50,2.60436829164182
half-rank,25.0,0,0,0,15.0,0.38780923210500423,50,2.346971260895982
half-rank,25.0,0,0,0,20.0,0.4550217163432048,50,2.142687909859477
half-rank,25.0,0,0,0,25.0,0.5173988282952031,50,1.9763592967030548
half-rank,25.0,0,0,0,30.0,0.5766156905086469,50,1.8405126857139553
half-rank,25.0,0,0,0,35.0,0.6350012330895909,50,1.7264542579038966
half-rank,25.0,0,0,0,40.0,0.6925686815319558,50,1.6286602031667985
half-rank,25.0,0,0,0,45.0,0.7506028789063173,50,1.5447685888138385
half-rank,25.0,0,0,0,50.0,0.8098613764586672,50,1.4722540091749152
half-rank,25.0,0,0,0,60.0,0.9354790608993337,50,1.3497291454160245
half-rank,25.0,0,0,0,70.0,1.079678833169242,50,1.2463631118636411
half-rank,25.0,0,0,0,75.0,1.1630714439096472,50,1.1997579051813232
half-rank,25.0,0,0,0,80.0,1.2587411929412775,50,1.1546495438261994
half-rank,25.0,0,0,0,82.13,1.3037782496980548,50,1.1362312981897253
half-rank,25.0,0,0,0,85.0,1.372984269918,50,1.111508765794055
half-rank,25.0,0,0,0,90.0,1.5248308267358819,50,1.0698470900233827
half-rank,25.0,0,0,0,95.0,1.7607636232807995,50,1.027558255033096
half-rank,25.0,0,0,0,99.0,2.235606640179238,50,0.9914559927153783
half-rank,25.0,0,0,0,99.73,2.5349036993062706,50,0.9842668987798465
half-rank,50.0,0,0,0,5.0,0.22176697080744495,100,3.022865711887846
half-rank,50.0,0,0,0,10.0,0.31850577595235036,100,2.644971094846468
half-rank,50.0,0,0,0,15.0,0.3964937813420296,100,2.3690048991576877
half-rank,50.0,0,0,0,20.0,0.4646235773153903,100,2.155930702599444
half-rank,50.0,0,0,0,25.0,0.5278505360142202,100,1.9841680478378803
half-rank,50.0,0,0,0,30.0,0.5882947149309331,100,1.8442711468895847
half-rank,50.0,0,0,0,35.0,0.6471840748457888,100,1.728768828605561
half-rank,50.0,0,0,0,40.0,0.7052247468796242,100,1.6313288851711678
half-rank,50.0,0,0,0,45.0,0.7629450557780546,100,1.5474372408019492
half-rank,50.0,0,0,0,50.0,0.8221072363286245,100,1.4737891704410646
half-rank,50.0,0,0,0,60.0,0.9469632602480595,100,1.3497176938758213
half-rank,50.0,0,0,0,70.0,1.0885201842319527,100,1.2467627524141471
half-rank,50.0,0,0,0,75.0,1.1707912621213976,100,1.2005522997817635
half-rank,50.0,0,0,0,80.0,1.2644703775810053,100,1.1568557137855608
half-rank,50.0,0,0,0,82.13,1.3087147257394736,100,1.1389391377513758
half-rank,50.0,0,0,0,85.0,1.3763450806739757,100,1.1142716823798953
half-rank,50.0,0,0,0,90.0,1.5209076613184354,100,1.0727350614486395
half-rank,50.0,0,0,0,95.0,1.7443090307281388,100,1.0309836772006378
half-rank,50.0,0,0,0,99.0,2.1868719113451762,100,0.9968883485295053
half-rank,50.0,0,0,0,99.73,2.4618465841298893,100,0.9906577279187425
half-rank,250.01,0,0,0,5.0,0.22495534646872714,500,3.1503988943707752
half-rank,250.01,0,0,0,10.0,0.32334383206881556,500,2.7076109851495858
half-rank,250.01,0,0,0,15.0,0.402149249467623,500,2.409492587025604
half-rank,250.01,0,0,0,20.0,0.47090226190211715,500,2.1854304591763767
half-rank,250.01,0,0,0,25.0,0.534678132019214,500,2.011379664869741
half-rank,250.01,0,0,0,30.0,0.59577917781841,500,1.8687628493099164
half-rank,250.01,0,0,0,35.0,0.6547624291664527,500,1.746272520993484
half-rank,250.01,0,0,0,40.0,0.7131779982440285,500,1.6450660937747716
half-rank,250.01,0,0,0,45.0,0.7717114193145964,500,1.5598510897882074
half-rank,250.01,0,0,0,50.0,0.8310011939190775,500,1.4876708610966192
half-rank,250.01,0,0,0,60.0,0.9552399802155568,500,1.3641509477246643
half-rank,250.01,0,0,0,70.0,1.0949265192725846,500,1.2613728226543224
half-rank,250.01,0,0,0,75.0,1.1749811713072278,500,1.2141122663068724
half-rank,250.01,0,0,0,80.0,1.266607796535839,500,1.170888726623311
half-rank,250.01,0,0,0,82.13,1.3103697472059008,500,1.152934824770193
half-rank,250.01,0,0,0,85.0,1.3767510108540697,500,1.1281198637879906
half-rank,250.01,0,0,0,90.0,1.517778941635385,500,1.087691001259691
half-rank,250.01,0,0,0,95.0,1.732869775070577,500,1.0481670804216923
half-rank,250.01,0,0,0,99.0,2.1463885702393215,500,1.0166740578381095
half-rank,250.01,0,0,0,99.73,2.396479499031458,500,1.0113190547833808
low-rank,1.0,0,0,0,5.0,0.03696360795754115,2,0.401738670610934
low-rank,1.0,0,0,0,5.0,0.03950183475146356,5,0.4169845930052826
low-rank,1.0,0,0,0,5.0,0.04307118073857659,10,0.4295406955986915
low-rank,1.0,0,0,0,10.0,0.07470845825446186,2,0.5256976392795595
low-rank,1.0,0,0,0,10.0,0.07576952219965717,5,0.5465800354356805
low-rank,1.0,0,0,0,10.0,0.07825729367880599,10,0.6144505706228489
low-rank,1.0,0,0,0,15.0,0.1151425044006961,2,0.7740492097729222
low-rank,1.0,0,0,0,15.0,0.11557184982637485,5,0.7504439551041643
low-rank,1.0,0,0,0,15.0,0.11748692718633791,10,0.8793534499541549
low-rank,1.0,0,0,0,20.0,0.15789429379413683,2,0.9634147334884198
low-rank,1.0,0,0,0,20.0,0.15790290364869286,5,0.938283232799785
low-rank,1.0,0,0,0,20.0,0.1599063720476224,10,1.0816911411187418
low-rank,1.0,0,0,0,25.0,0.20366614665404245,2,1.1238777780780418
low-rank,1.0,0,0,0,25.0,0.2037147081658209,5,1.0899640475749848
low-rank,1.0,0,0,0,25.0,0.2052102489704611,10,1.2240260930643767
low-rank,1.0,0,0,0,30.0,0.25242048490107794,2,1.238372392032081
low-rank,1.0,0,0,0,30.0,0.252125987813783,5,1.2060489957469125
low-rank,1.0,0,0,0,30.0,0.25395411070742674,10,1.3598014858276959
low-rank,1.0,0,0,0,35.0,0.3049478024292881,2,1.3289195613337021
low-rank,1.0,0,0,0,35.0,0.3044523950203543,5,1.3112367326805243
low-rank,1.0,0,0,0,35.0,0.3060656049925341,10,1.4862291141624724
low-rank,1.0,0,0,0,40.0,0.36125622203417806,2,1.4039158965995389
low-rank,1.0,0,0,0,40.0,0.3609662580710761,5,1.3924010303314271
low-rank,1.0,0,0,0,40.0,0.3624336512482187,10,1.5933251008894016
low-rank,1.0,0,0,0,45.0,0.42281666497030035,2,1.4523163585278458
low-rank,1.0,0,0,0,45.0,0.4220969871322026,5,1.4475186515055016
low-rank,1.0,0,0,0,45.0,0.424051258920784,10,1.660591646316755
low-rank,1.0,0,0,0,50.0,0.49015202947459136,2,1.4721576441392645
low-rank,1.0,0,0,0,50.0,0.48904337085628635,5,1.4837233945746098
low-rank,1.0,0,0,0,50.0,0.4915231869855763,10,1.6815793303942261
low-rank,1.0,0,0,0,60.0,0.6480208685685549,2,1.4473196180433074
low-rank,1.0,0,0,0,60.0,0.6462184513970272,5,1.5046895282188262
low-rank,1.0,0,0,0,60.0,0.648743976087294,10,1.6595895386432022
low-rank,1.0,0,0,0,70.0,0.850483722264048,2,1.3824835933391344
low-rank,1.0,0,0,0,70.0,0.8486870647402978,5,1.4662625126352071
low-rank,1.0,0,0,0,70.0,0.8504280877559264,10,1.5865046269593752
low-rank,1.0,0,0,0,75.0,0.9800314709151756,2,1.3348587063870045
low-rank,1.0,0,0,0,75.0,0.9770556200791892,5,1.4229629451827472
low-rank,1.0,0,0,0,75.0,0.9787053770761981,10,1.5385395873213714
low-rank,1.0,0,0,0,80.0,1.1371636671894498,2,1.2800481513884294
low-rank,1.0,0,0,0,80.0,1.13304486551912,5,1.3630313514690073
low-rank,1.0,0,0,0,80.0,1.1363012480674801,10,1.4839146451923897
low-rank,1.0,0,0,0,82.13,1.215395723080272,2,1.25448560540719
low-rank,1.0,0,0,0,82.13,1.212118252242626,5,1.3331127616118725
low-rank,1.0,0,0,0,82.13,1.2129240231654124,10,1.4568979426437272
low-rank,1.0,0,0,0,85.0,1.3416726378955859,2,1.2167564327936355
low-rank,1.0,0,0,0,85.0,1.336052569854095,5,1.2924285338156423
low-rank,1.0,0,0,0,85.0,1.337281092205345,10,1.4177956090878676
low-rank,1.0,0,0,0,90.0,1.6276139316514027,2,1.1497931078506842
low-rank,1.0,0,0,0,90.0,1.6219709284534243,5,1.2216978695367613
low-rank,1.0,0,0,0,90.0,1.6205917501311808,10,1.3498896613237137
low-rank,1.0,0,0,0,95.0,2.1161604868595623,2,1.0711063616933594
low-rank,1.0,0,0,0,95.0,2.1142329859828553,5,1.1302416157957829
low-rank,1.0,0,0,0,95.0,2.1081301875016654,10,1.2766216374510395
low-rank,1.0,0,0,0,99.0,3.2317625564853003,2,0.9913272905325601
low-rank,1.0,0,0,0,99.0,3.22525855787064,5,1.027951507974719
low-rank,1.0,0,0,0,99.0,3.220464272332382,10,1.1893278005643588
low-rank,1.0,0,0,0,99.73,4.0046303756532,2,0.972001721624801
low-rank,1.0,0,0,0,99.73,3.9938947572676655,5,1.0032327940671224
low-rank,1.0,0,0,0,99.73,3.9988418156386687,10,1.1662401497190598
low-rank,2.0,0,0,0,5.0,0.10762983552065235,20,1.2531136705616048
low-rank,2.0,0,0,0,10.0,0.16989186937768866,20,1.4308069118705782
low-rank,2.0,0,0,0,15.0,0.22579508215389105,20,1.505579414114108
low-rank,2.0,0,0,0,20.0,0.2797451146914833,20,1.5377996698796337
low-rank,2.0,0,0,0,25.0,0.3332512217300244,20,1.541964562931415
low-rank,2.0,0,0,0,30.0,0.38774244388023915,20,1.541597917924299
low-rank,2.0,0,0,0,35.0,0.44375167817960826,20,1.5274478052128833
low-rank,2.0,0,0,0,40.0,0.5016252858340208,20,1.510237477558712
low-rank,2.0,0,0,0,45.0,0.5626853124633378,20,1.4918086672296968
low-rank,2.0,0,0,0,50.0,0.6275485870467549,20,1.4628907835487939
low-rank,2.0,0,0,0,60.0,0.7749406849895982,20,1.3999280173050983
low-rank,2.0,0,0,0,70.0,0.9562011492303506,20,1.319635732650419
low-rank,2.0,0,0,0,75.0,1.0670150071033022,20,1.2753725765769557
low-rank,2.0,0,0,0,80.0,1.201689109668038,20,1.2298094953711525
low-rank,2.0,0,0,0,82.13,1.2665590494752077,20,1.210395801012342
low-rank,2.0,0,0,0,85.0,1.3708547058608693,20,1.1820460664678358
low-rank,2.0,0,0,0,90.0,1.6044794183818092,20,1.129273220207017
low-rank,2.0,0,0,0,95.0,1.993029405927323,20,1.069061518295186
low-rank,2.0,0,0,0,99.0,2.8608669796434087,20,1.0065112142582948
low-rank,2.0,0,0,0,99.73,3.4465994367595036,20,0.9906905031153412
low-rank,5.0,0,0,0,5.0,0.1783259194628247,50,2.2104809424250442
low-rank,5.0,0,0,0,10.0,0.2593070768724669,50,2.1589442332692905
low-rank,5.0,0,0,0,15.0,0.3262350711339313,50,2.0611418356309246
low-rank,5.0,0,0,0,20.0,0.3871936899622448,50,1.9599242252915103
low-rank,5.0,0,0,0,25.0,0.4455086689759066,50,1.8723580214442461
low-rank,5.0,0,0,0,30.0,0.5025951191790128,50,1.7956577296881584
low-rank,5.0,0,0,0,35.0,0.5589514530795675,50,1.7200500628360609
low-rank,5.0,0,0,0,40.0,0.6162176784591165,50,1.650920301467177
low-rank,5.0,0,0,0,45.0,0.6749450977595812,50,1.5885119379029102
low-rank,5.0,0,0,0,50.0,0.7366796153537457,50,1.5296895893913682
low-rank,5.0,0,0,0,60.0,0.8700657277382898,50,1.4165923649513694
low-rank,5.0,0,0,0,70.0,1.0293257677925456,50,1.312698866518088
low-rank,5.0,0,0,0,75.0,1.124591046260375,50,1.2616421771797057
low-rank,5.0,0,0,0,80.0,1.2365890164854991,50,1.2108064670341367
low-rank,5.0,0,0,0,82.13,1.290938022822144,50,1.1905807052087203
low-rank,5.0,0,0,0,85.0,1.3758087343121175,50,1.1629378305163367
low-rank,5.0,0,0,0,90.0,1.5627097242822177,50,1.1130618900683031
low-rank,5.0,0,0,0,95.0,1.866501649738975,50,1.0602302219029764
low-rank,5.0,0,0,0,99.0,2.5142404171120316,50,1.00801716295579
low-rank,5.0,0,0,0,99.73,2.9490806034579418,50,0.9953428733899436
low-rank,10.01,0,0,0,5.0,0.20240919607298738,100,2.643280589465246
low-rank,10.01,0,0,0,10.0,0.2914509477866362,100,2.4233762435808983
low-rank,10.01,0,0,0,15.0,0.3639132848396066,100,2.2426940400785194
low-rank,10.01,0,0,0,20.0,0.4288566413264956,100,2.0863013918136444
low-rank,10.01,0,0,0,25.0,0.48942874645454965,100,1.9510784355839648
low-rank,10.01,0,0,0,30.0,0.5477574828652337,100,1.838467138972156
low-rank,10.01,0,0,0,35.0,0.6048723360514073,100,1.7387858356356791
low-rank,10.01,0,0,0,40.0,0.6622975813822544,100,1.6512518810665973
low-rank,10.01,0,0,0,45.0,0.7200960411908887,100,1.5743342962815885
low-rank,10.01,0,0,0,50.0,0.7796852829972504,100,1.5066363029397676
low-rank,10.01,0,0,0,60.0,0.9084891592475353,100,1.3882881398709233
low-rank,10.01,0,0,0,70.0,1.0581202710344322,100,1.287916279558433
low-rank,10.01,0,0,0,75.0,1.1455897145396834,100,1.2411126956929617
low-rank,10.01,0,0,0,80.0,1.2477220030911107,100,1.194997070433268
low-rank,10.01,0,0,0,82.13,1.2970811657615473,100,1.175258251409816
low-rank,10.01,0,0,0,85.0,1.37342046702214,100,1.1479051341773063
low-rank,10.01,0,0,0,90.0,1.5395672053016014,100,1.1027095901252788
low-rank,10.01,0,0,0,95.0,1.8036532917442964,100,1.0566576317981744
low-rank,10.01,0,0,0,99.0,2.353494333350162,100,1.0180265288105041
low-rank,10.01,0,0,0,99.73,2.7063875817384218,100,1.009565746725092
low-rank,50.04,0,0,0,5.0,0.22228645585215054,500,3.190738940094694
low-rank,50.04,0,0,0,10.0,0.3183468107929014,500,2.763794945255374
low-rank,50.04,0,0,0,15.0,0.3958127029093502,500,2.4805643649510314
low-rank,50.04,0,0,0,20.0,0.46403530824689526,500,2.2579494595527803
low-rank,50.04,0,0,0,25.0,0.5277392510009666,500,2.0807434400039853
low-rank,50.04,0,0,0,30.0,0.5877654893166072,500,1.9339937120067732
low-rank,50.04,0,0,0,35.0,0.6461322540234057,500,1.811322440584977
low-rank,50.04,0,0,0,40.0,0.7048567796416363,500,1.7115958360534893
low-rank,50.04,0,0,0,45.0,0.7630725291685592,500,1.6254133719792554
low-rank,50.04,0,0,0,50.0,0.8225025492663773,500,1.5483546407515214
low-rank,50.04,0,0,0,60.0,0.9477513597770612,500,1.4183137235253154
low-rank,50.04,0,0,0,70.0,1.088417875735623,500,1.3102810167742325
low-rank,50.04,0,0,0,75.0,1.1698276146377264,500,1.2617659162168
low-rank,50.04,0,0,0,80.0,1.2636205672387566,500,1.2164463828748588
low-rank,50.04,0,0,0,82.13,1.307923979054289,500,1.1971999367512882
low-rank,50.04,0,0,0,85.0,1.375872673622446,500,1.1711338716571524
low-rank,50.04,0,0,0,90.0,1.520883607270318,500,1.127622745986061
low-rank,50.04,0,0,0,95.0,1.7454921554950313,500,1.0843713435918858
low-rank,50.04,0,0,0,99.0,2.187746706857467,500,1.0499190071215845
low-rank,50.04,0,0,0,99.73,2.45565388762195,500,1.0435475371781537
full-rank,2.0,1,0,1,5.0,0.1068428106883718,2,1.3054484187915962
full-rank,2.0,1,0,1,10.0,0.1694082335210632,2,1.5683164442576178
full-rank,2.0,1,0,1,15.0,0.22591448514834006,2,1.6686434074058791
full-rank,2.0,1,0,1,20.0,0.2801338259527025,2,1.7299090144253668
full-rank,2.0,1,0,1,25.0,0.3337960284606942,2,1.7553800018693557
full-rank,2.0,1,0,1,30.0,0.3877791560522248,2,1.7547274956239558
full-rank,2.0,1,0,1,35.0,0.4434867522860729,2,1.7402539535869348
full-rank,2.0,1,0,1,40.0,0.5011691403360318,2,1.710727165107042
full-rank,2.0,1,0,1,45.0,0.5623259300570191,2,1.6760207726985872
full-rank,2.0,1,0,1,50.0,0.62796054306429,2,1.6407272614950692
full-rank,2.0,1,0,1,60.0,0.7739958802301415,2,1.5522089686923866
full-rank,2.0,1,0,1,70.0,0.9552165043963367,2,1.4490683845232606
full-rank,2.0,1,0,1,75.0,1.0667080932743742,2,1.4004712494412812
full-rank,2.0,1,0,1,80.0,1.201050923095488,2,1.3455166558205622
full-rank,2.0,1,0,1,82.13,1.2667627966669408,2,1.320425364664139
full-rank,2.0,1,0,1,85.0,1.3710392541204321,2,1.2828723544907301
full-rank,2.0,1,0,1,90.0,1.6043149156445657,2,1.2184492536658496
full-rank,2.0,1,0,1,95.0,1.99361429561313,2,1.1487286421476584
full-rank,2.0,1,0,1,99.0,2.8579982172387224,2,1.078547707210577
full-rank,2.0,1,0,1,99.73,3.4424592826317792,2,1.0583300254262455
full-rank,5.0,1,0,1,5.0,0.17840723823938615,5,2.2747516084615467
full-rank,5.0,1,0,1,10.0,0.2593756232040095,5,2.1485081782070075
full-rank,5.0,1,0,1,15.0,0.32682720411879046,5,2.0339607129741712
full-rank,5.0,1,0,1,20.0,0.3881972353748143,5,1.9430669863620693
full-rank,5.0,1,0,1,25.0,0.4462333338652439,5,1.8480413743755932
full-rank,5.0,1,0,1,30.0,0.5028024466917496,5,1.75965423138931
full-rank,5.0,1,0,1,35.0,0.5594624529913754,5,1.6798889591188537
full-rank,5.0,1,0,1,40.0,0.6167413558076795,5,1.6044118020502682
full-rank,5.0,1,0,1,45.0,0.6757584804029791,5,1.5335386230169288
full-rank,5.0,1,0,1,50.0,0.7369733143624766,5,1.465434679046896
full-rank,5.0,1,0,1,60.0,0.8705430341169433,5,1.3475500287700861
full-rank,5.0,1,0,1,70.0,1.029034112803055,5,1.245601972577521
full-rank,5.0,1,0,1,75.0,1.1239626495900472,5,1.198506621825666
full-rank,5.0,1,0,1,80.0,1.2360627806549866,5,1.1518537415540322
full-rank,5.0,1,0,1,82.13,1.2906919033532676,5,1.1316894570285947
full-rank,5.0,1,0,1,85.0,1.3761179935284609,5,1.1045508410891098
full-rank,5.0,1,0,1,90.0,1.5632178757699309,5,1.0540269188653077
full-rank,5.0,1,0,1,95.0,1.8667747695659926,5,0.9994977194542765
full-rank,5.0,1,0,1,99.0,2.523875523198519,5,0.9526683036360796
full-rank,5.0,1,0,1,99.73,2.95816048248392,5,0.9421360851324556
full-rank,10.0,1,0,1,5.0,0.202970057912641,10,2.79099847422801
full-rank,10.0,1,0,1,10.0,0.2924076979725222,10,2.5198170080194
full-rank,10.0,1,0,1,15.0,0.36464252117740836,10,2.3034019830567427
full-rank,10.0,1,0,1,20.0,0.4290783608889682,10,2.1338829125140513
full-rank,10.0,1,0,1,25.0,0.4896238735651157,10,1.995915473867179
full-rank,10.0,1,0,1,30.0,0.5476207303720158,10,1.8780144445137643
full-rank,10.0,1,0,1,35.0,0.6049295314658961,10,1.7776707522359492
full-rank,10.0,1,0,1,40.0,0.6623459035917525,10,1.6881375948527388
full-rank,10.0,1,0,1,45.0,0.7204884849873783,10,1.606614319620115
full-rank,10.0,1,0,1,50.0,0.7804870396842507,10,1.5329895181972992
full-rank,10.0,1,0,1,60.0,0.9096505030071247,10,1.4043990661366643
full-rank,10.0,1,0,1,70.0,1.0592109583711513,10,1.2952113495318123
full-rank,10.0,1,0,1,75.0,1.147381093079409,10,1.2447150149546733
full-rank,10.0,1,0,1,80.0,1.249795924835461,10,1.1967305554612633
full-rank,10.0,1,0,1,82.13,1.2987055317998943,10,1.1767273675565095
full-rank,10.0,1,0,1,85.0,1.3743454643233097,10,1.1488605562447247
full-rank,10.0,1,0,1,90.0,1.5408748870981799,10,1.1000983580713872
full-rank,10.0,1,0,1,95.0,1.8052975194123744,10,1.0503085020141403
full-rank,10.0,1,0,1,99.0,2.355362500568587,10,1.0059600393876846
full-rank,10.0,1,0,1,99.73,2.701073649369449,10,0.9971799081420182
full-rank,20.0,1,0,1,5.0,0.2149186097303834,20,3.0964174971423644
full-rank,20.0,1,0,1,10.0,0.30905742942499304,20,2.727042026097371
full-rank,20.0,1,0,1,15.0,0.3845830372563667,20,2.4428773140608726
full-rank,20.0,1,0,1,20.0,0.4518310129494095,20,2.223971977404773
full-rank,20.0,1,0,1,25.0,0.5136560945166934,20,2.0527674115887664
full-rank,20.0,1,0,1,30.0,0.5732553911440013,20,1.9142865719885265
full-rank,20.0,1,0,1,35.0,0.6310161126993344,20,1.796681725616698
full-rank,20.0,1,0,1,40.0,0.6883058339952948,20,1.697073667637099
full-rank,20.0,1,0,1,45.0,0.7464475657484262,20,1.610497979402199
full-rank,20.0,1,0,1,50.0,0.8059163049038343,20,1.534752215123891
full-rank,20.0,1,0,1,60.0,0.9321880111861673,20,1.4039968967642487
full-rank,20.0,1,0,1,70.0,1.076295357417107,20,1.2936721154163628
full-rank,20.0,1,0,1,75.0,1.1598750657410668,20,1.2441047525000026
full-rank,20.0,1,0,1,80.0,1.2570272405135456,20,1.1969425086842844
full-rank,20.0,1,0,1,82.13,1.3027272629189155,20,1.177871057317139
full-rank,20.0,1,0,1,85.0,1.3741381733156866,20,1.151660331485393
full-rank,20.0,1,0,1,90.0,1.5274602259526318,20,1.1076881251585586
full-rank,20.0,1,0,1,95.0,1.7679717575950935,20,1.0625901621500018
full-rank,20.0,1,0,1,99.0,2.2517264892657503,20,1.0230577442698476
full-rank,20.0,1,0,1,99.73,2.5539694078396193,20,1.0158642607136936
full-rank,50.0,1,0,1,5.0,0.22097845546277947,50,3.20604215024244
full-rank,50.0,1,0,1,10.0,0.3172182090389203,50,2.805765906916439
full-rank,50.0,1,0,1,15.0,0.39450061797832925,50,2.4904321724984886
full-rank,50.0,1,0,1,20.0,0.4627001980509683,50,2.2479775949350635
full-rank,50.0,1,0,1,25.0,0.5255939013757108,50,2.0570114857144364
full-rank,50.0,1,0,1,30.0,0.5858334477024675,50,1.9041790370297662
full-rank,50.0,1,0,1,35.0,0.6447006461015936,50,1.7796532800400844
full-rank,50.0,1,0,1,40.0,0.7028972274513684,50,1.675438433742809
full-rank,50.0,1,0,1,45.0,0.7611281055656279,50,1.5873589742402865
full-rank,50.0,1,0,1,50.0,0.8205472488166938,50,1.5096009171598745
full-rank,50.0,1,0,1,60.0,0.9464551430689776,50,1.3778836404722692
full-rank,50.0,1,0,1,70.0,1.0879879898195561,50,1.2690842373905435
full-rank,50.0,1,0,1,75.0,1.1695939844765622,50,1.2204108384355823
full-rank,50.0,1,0,1,80.0,1.2628659418387735,50,1.1745794600300692
full-rank,50.0,1,0,1,82.13,1.3068239948460223,50,1.1557994710109478
full-rank,50.0,1,0,1,85.0,1.37427716157191,50,1.1308769484476024
full-rank,50.0,1,0,1,90.0,1.519794768554513,50,1.0881250921497363
full-rank,50.0,1,0,1,95.0,1.743280753716169,50,1.0451525498178265
full-rank,50.0,1,0,1,99.0,2.183665055250572,50,1.0100425639254735
full-rank,50.0,1,0,1,99.73,2.449194150921065,50,1.003681576524119
full-rank,100.0,1,0,1,5.0,0.2241735714344398,100,3.300479366258719
full-rank,100.0,1,0,1,10.0,0.3216379861738597,100,2.8575291956132043
full-rank,100.0,1,0,1,15.0,0.3990786491480123,100,2.5177731082083725
full-rank,100.0,1,0,1,20.0,0.4677492273566542,100,2.2612572008690703
full-rank,100.0,1,0,1,25.0,0.5315034441933223,100,2.063134755606386
full-rank,100.0,1,0,1,30.0,0.5919684291905034,100,1.9045029645429774
full-rank,100.0,1,0,1,35.0,0.6515426326469969,100,1.775710025311342
full-rank,100.0,1,0,1,40.0,0.7097388126689079,100,1.6697811115811176
full-rank,100.0,1,0,1,45.0,0.7677797103724731,100,1.5790805360751579
full-rank,100.0,1,0,1,50.0,0.8267837147522643,100,1.50129618488366
full-rank,100.0,1,0,1,60.0,0.9514699156187796,100,1.3709310625622428
full-rank,100.0,1,0,1,70.0,1.0923111560528702,100,1.2623645192895336
full-rank,100.0,1,0,1,75.0,1.1726720926736787,100,1.2142933466362842
full-rank,100.0,1,0,1,80.0,1.2653240628501827,100,1.1684363235250252
full-rank,100.0,1,0,1,82.13,1.3094442642598128,100,1.1496636362969093
full-rank,100.0,1,0,1,85.0,1.3761461197721567,100,1.12446681815445
full-rank,100.0,1,0,1,90.0,1.5188403719805932,100,1.0824845441806974
full-rank,100.0,1,0,1,95.0,1.7378590001805676,100,1.0419555054350338
full-rank,100.0,1,0,1,99.0,2.161920355941085,100,1.0088389982870807
full-rank,100.0,1,0,1,99.73,2.42066495349058,100,1.0025686734277361
full-rank,500.0,1,0,1,5.0,0.22493338036467536,500,3.2765276061665283
full-rank,500.0,1,0,1,10.0,0.32354761032437385,500,2.818363347783227
full-rank,500.0,1,0,1,15.0,0.4021140448848353,500,2.4866976561305654
full-rank,500.0,1,0,1,20.0,0.47129153430307114,500,2.244865500194956
full-rank,500.0,1,0,1,25.0,0.5348589054308587,500,2.0544145295283585
full-rank,500.0,1,0,1,30.0,0.5958720586412092,500,1.9055114632292218
full-rank,500.0,1,0,1,35.0,0.6547075725954656,500,1.7782708158932607
full-rank,500.0,1,0,1,40.0,0.7128651916983133,500,1.6720663849145625
full-rank,500.0,1,0,1,45.0,0.7710846398316066,500,1.5830801479008525
full-rank,500.0,1,0,1,50.0,0.8302709699175326,500,1.5047545480921891
full-rank,500.0,1,0,1,60.0,0.9551241153566477,500,1.3715855495333187
full-rank,500.0,1,0,1,70.0,1.0951971665340055,500,1.2651696572412123
full-rank,500.0,1,0,1,75.0,1.1760914179273123,500,1.2174315976691945
full-rank,500.0,1,0,1,80.0,1.2676465228210625,500,1.173249492860811
full-rank,500.0,1,0,1,82.13,1.3106995417269753,500,1.1546606781248732
full-rank,500.0,1,0,1,85.0,1.376258003770403,500,1.1294581960491996
full-rank,500.0,1,0,1,90.0,1.5156248846101688,500,1.0878394418474076
full-rank,500.0,1,0,1,95.0,1.7284880328081087,500,1.047011993536976
full-rank,500.0,1,0,1,99.0,2.137977295774406,500,1.01717613783343
full-rank,500.0,1,0,1,99.73,2.3832295725504733,500,1.0117028432061281
half-rank,1.0,1,0,1,5.0,0.051526985511198574,2,0.4960187206484166
half-rank,1.0,1,0,1,10.0,0.0887410138755822,2,0.6806369640207206
half-rank,1.0,1,0,1,15.0,0.12680416467171227,2,0.8783668856630558
half-rank,1.0,1,0,1,20.0,0.16709641178096088,2,1.0206736369095928
half-rank,1.0,1,0,1,25.0,0.21089439312719072,2,1.1426489830196327
half-rank,1.0,1,0,1,30.0,0.2584221246571491,2,1.2764364095530811
half-rank,1.0,1,0,1,35.0,0.3092508175276173,2,1.3860703321774481
half-rank,1.0,1,0,1,40.0,0.3648481952663423,2,1.492013427322446
half-rank,1.0,1,0,1,45.0,0.42559170754841846,2,1.5638588254462353
half-rank,1.0,1,0,1,50.0,0.4923502841486889,2,1.6147997108557945
half-rank,1.0,1,0,1,60.0,0.6483013898470691,2,1.6373525425868614
half-rank,1.0,1,0,1,70.0,0.8504838839878683,2,1.5874897469978655
half-rank,1.0,1,0,1,75.0,0.9794677811741807,2,1.5430067219588326
half-rank,1.0,1,0,1,80.0,1.1374407873625851,2,1.4865693745181026
half-rank,1.0,1,0,1,82.13,1.2151195531066399,2,1.459054903851761
half-rank,1.0,1,0,1,85.0,1.3392515904464777,2,1.4189334818421946
half-rank,1.0,1,0,1,90.0,1.622574642084342,2,1.3323686793350715
half-rank,1.0,1,0,1,95.0,2.1082855180997635,2,1.2299489091282663
half-rank,1.0,1,0,1,99.0,3.2096407001582916,2,1.1119412779884341
half-rank,1.0,1,0,1,99.73,3.9760195882683016,2,1.0849885905280359
half-rank,2.5,1,0,1,5.0,0.15974779843216422,5,2.1071805804445933
half-rank,2.5,1,0,1,10.0,0.23393700862714786,5,2.1243604234732922
half-rank,2.5,1,0,1,15.0,0.29606329951360144,5,2.0667478209452828
half-rank,2.5,1,0,1,20.0,0.3529841678137714,5,2.006418400345205
half-rank,2.5,1,0,1,25.0,0.40810287566019515,5,1.9475549022924554
half-rank,2.5,1,0,1,30.0,0.4620608974044768,5,1.8839541418238959
half-rank,2.5,1,0,1,35.0,0.516762339227714,5,1.821667505475635
half-rank,2.5,1,0,1,40.0,0.5725324635618814,5,1.764981353305732
half-rank,2.5,1,0,1,45.0,0.6305395831537757,5,1.7086181720650786
half-rank,2.5,1,0,1,50.0,0.6918370835978764,5,1.6497565382576909
half-rank,2.5,1,0,1,60.0,0.8274629417378707,5,1.5340799892330113
half-rank,2.5,1,0,1,70.0,0.9920574303416915,5,1.420850689146604
half-rank,2.5,1,0,1,75.0,1.0931862650866047,5,1.3669073239343064
half-rank,2.5,1,0,1,80.0,1.2136279700715589,5,1.3111062672942024
half-rank,2.5,1,0,1,82.13,1.2727825644679285,5,1.2867760708745037
half-rank,2.5,1,0,1,85.0,1.3652188374333931,5,1.2520121282959527
half-rank,2.5,1,0,1,90.0,1.5740334281093296,5,1.1871117140775982
half-rank,2.5,1,0,1,95.0,1.9211708185144638,5,1.1182379920055867
half-rank,2.5,1,0,1,99.0,2.694615516186154,5,1.051647128109993
half-rank,2.5,1,0,1,99.73,3.222952542205351,5,1.0366469198194803
half-rank,5.0,1,0,1,5.0,0.17770897222261808,10,2.3436931856365324
half-rank,5.0,1,0,1,10.0,0.25943260846156124,10,2.280750835083337
half-rank,5.0,1,0,1,15.0,0.32679130889027,10,2.1946918999365765
half-rank,5.0,1,0,1,20.0,0.387902971296467,10,2.0989192383150264
half-rank,5.0,1,0,1,25.0,0.445793508276496,10,2.0039989618145473
half-rank,5.0,1,0,1,30.0,0.5023673527442563,10,1.9203880459153004
half-rank,5.0,1,0,1,35.0,0.5588474684057172,10,1.8369051820289353
half-rank,5.0,1,0,1,40.0,0.6159422755760664,10,1.7593690143175678
half-rank,5.0,1,0,1,45.0,0.6745018424110777,10,1.6848206222543376
half-rank,5.0,1,0,1,50.0,0.7352342253803876,10,1.613554248031933
half-rank,5.0,1,0,1,60.0,0.869586977293262,10,1.4810803096951415
half-rank,5.0,1,0,1,70.0,1.0290727495013903,10,1.3598320345320982
half-rank,5.0,1,0,1,75.0,1.1236447645005438,10,1.3021230132069277
half-rank,5.0,1,0,1,80.0,1.2350980070783513,10,1.2450310975703618
half-rank,5.0,1,0,1,82.13,1.2893149517472406,10,1.2209929231068828
half-rank,5.0,1,0,1,85.0,1.3734308621322602,10,1.1873107611125235
half-rank,5.0,1,0,1,90.0,1.5613021116806056,10,1.1310818918373697
half-rank,5.0,1,0,1,95.0,1.8662917232826548,10,1.0725556035375878
half-rank,5.0,1,0,1,99.0,2.5192622955193755,10,1.0143878326866833
half-rank,5.0,1,0,1,99.73,2.9527398045025546,10,1.0009251219490247
half-rank,10.0,1,0,1,5.0,0.20319623713372637,20,2.782144356851039
half-rank,10.0,1,0,1,10.0,0.2929783525477605,20,2.5319418599793067
half-rank,10.0,1,0,1,15.0,0.36472860560815673,20,2.3346515652402533
half-rank,10.0,1,0,1,20.0,0.42953792745133895,20,2.169067589694504
half-rank,10.0,1,0,1,25.0,0.4900358830674326,20,2.0275971100077137
half-rank,10.0,1,0,1,30.0,0.5484624524193453,20,1.907543632059942
half-rank,10.0,1,0,1,35.0,0.6054900833203891,20,1.8020182105078288
half-rank,10.0,1,0,1,40.0,0.662449203657065,20,1.7076886403614508
half-rank,10.0,1,0,1,45.0,0.720401630541462,20,1.6232670513056224
half-rank,10.0,1,0,1,50.0,0.7805244883452787,20,1.5470766622552479
half-rank,10.0,1,0,1,60.0,0.9097766388400486,20,1.416381013978349
half-rank,10.0,1,0,1,70.0,1.058990931397923,20,1.3025510295326563
half-rank,10.0,1,0,1,75.0,1.1469761002902925,20,1.2507610097364132
half-rank,10.0,1,0,1,80.0,1.2488716907424708,20,1.2010598098261172
half-rank,10.0,1,0,1,82.13,1.2983443040724754,20,1.1802132896934507
half-rank,10.0,1,0,1,85.0,1.3741797403202227,20,1.1514465053182947
half-rank,10.0,1,0,1,90.0,1.5414541982351582,20,1.1024991091683316
half-rank,10.0,1,0,1,95.0,1.805113930743309,20,1.0527275217991803
half-rank,10.0,1,0,1,99.0,2.3576705490889847,20,1.0058911985307435
half-rank,10.0,1,0,1,99.73,2.7024372132089463,20,0.9956230707889768
half-rank,25.0,1,0,1,5.0,0.21722970238254033,50,3.0362936989161393
half-rank,25.0,1,0,1,10.0,0.31140586987771446,50,2.6473109689036454
half-rank,25.0,1,0,1,15.0,0.38776936356164843,50,2.3723539639146636
half-rank,25.0,1,0,1,20.0,0.4549380480079258,50,2.161504646595195
half-rank,25.0,1,0,1,25.0,0.5176858036842439,50,1.993791876412616
half-rank,25.0,1,0,1,30.0,0.5777804272220926,50,1.8582891406981445
half-rank,25.0,1,0,1,35.0,0.6363120262955201,50,1.744267888689772
half-rank,25.0,1,0,1,40.0,0.6939493670322048,50,1.648732158556145
half-rank,25.0,1,0,1,45.0,0.7522862917213603,50,1.5663588050745172
half-rank,25.0,1,0,1,50.0,0.8114964914531768,50,1.4933101736458783
half-rank,25.0,1,0,1,60.0,0.9376438407778392,50,1.3705867603852924
half-rank,25.0,1,0,1,70.0,1.0814034422968029,50,1.266671017868152
half-rank,25.0,1,0,1,75.0,1.164854083138404,50,1.2189497758496792
half-rank,25.0,1,0,1,80.0,1.2605550048042509,50,1.1739984857039063
half-rank,25.0,1,0,1,82.13,1.3066128172545644,50,1.1554044881971637
half-rank,25.0,1,0,1,85.0,1.3763590925115172,50,1.130086667972521
half-rank,25.0,1,0,1,90.0,1.5270372847718034,50,1.0872125310473748
half-rank,25.0,1,0,1,95.0,1.7612032622225644,50,1.0441833260069306
half-rank,25.0,1,0,1,99.0,2.2364980125179064,50,1.0076852954505382
half-rank,25.0,1,0,1,99.73,2.526561112094151,50,1.0004185750571104
half-rank,50.0,1,0,1,5.0,0.22151414883961956,100,3.1674958684381695
half-rank,50.0,1,0,1,10.0,0.31801807252624703,100,2.74745636302097
half-rank,50.0,1,0,1,15.0,0.39510256662345106,100,2.439780998556018
half-rank,50.0,1,0,1,20.0,0.4637057018379111,100,2.20420577948416
half-rank,50.0,1,0,1,25.0,0.5268685408651976,100,2.0245410435772357
half-rank,50.0,1,0,1,30.0,0.587041583117982,100,1.8791893798977273
half-rank,50.0,1,0,1,35.0,0.6456157346575027,100,1.759278568454335
half-rank,50.0,1,0,1,40.0,0.7039502653347715,100,1.6576292597013924
half-rank,50.0,1,0,1,45.0,0.7623313056550229,100,1.5698187329140976
half-rank,50.0,1,0,1,50.0,0.8217488914187191,100,1.4935839672079458
half-rank,50.0,1,0,1,60.0,0.9465838550504495,100,1.3655863658539515
half-rank,50.0,1,0,1,70.0,1.08822183362545,100,1.2596027138556136
half-rank,50.0,1,0,1,75.0,1.1693426096198751,100,1.2119760070189458
half-rank,50.0,1,0,1,80.0,1.2635602585476473,100,1.166269338748339
half-rank,50.0,1,0,1,82.13,1.3078710376636837,100,1.147485327509144
half-rank,50.0,1,0,1,85.0,1.3758540868902718,100,1.1217070316432267
half-rank,50.0,1,0,1,90.0,1.520190608509591,100,1.078831146615811
half-rank,50.0,1,0,1,95.0,1.7446027607783345,100,1.0359285259280955
half-rank,50.0,1,0,1,99.0,2.185731979879681,100,1.0013729395667124
half-rank,50.0,1,0,1,99.73,2.462346560489759,100,0.994586346786857
half-rank,250.01,1,0,1,5.0,0.22477132337841885,500,3.3395020300155958
half-rank,250.01,1,0,1,10.0,0.3228306223200393,500,2.844676890027534
half-rank,250.01,1,0,1,15.0,0.400584976791472,500,2.51099619417247
half-rank,250.01,1,0,1,20.0,0.46997718566349117,500,2.2592524113342183
half-rank,250.01,1,0,1,25.0,0.5336111123895936,500,2.0653974220767446
half-rank,250.01,1,0,1,30.0,0.5940075508120127,500,1.9131565673488824
half-rank,250.01,1,0,1,35.0,0.6531057268783446,500,1.7864297061457597
half-rank,250.01,1,0,1,40.0,0.7115319090063953,500,1.678426504590164
half-rank,250.01,1,0,1,45.0,0.7697506114789933,500,1.5903726338839494
half-rank,250.01,1,0,1,50.0,0.8290088778656564,500,1.5120492264722691
half-rank,250.01,1,0,1,60.0,0.9537703323130742,500,1.3803743963964774
half-rank,250.01,1,0,1,70.0,1.0938042126336867,500,1.274510272891716
half-rank,250.01,1,0,1,75.0,1.1739955103707083,500,1.2261116093479376
half-rank,250.01,1,0,1,80.0,1.265576576556931,500,1.1813983593604165
half-rank,250.01,1,0,1,82.13,1.3094211348485532,500,1.1628915798222283
half-rank,250.01,1,0,1,85.0,1.374883905564618,500,1.1382147159943108
half-rank,250.01,1,0,1,90.0,1.5156721197166083,500,1.0958101648951084
half-rank,250.01,1,0,1,95.0,1.7317998665846517,500,1.0550893723766392
half-rank,250.01,1,0,1,99.0,2.14560189666767,500,1.0266667564572518
half-rank,250.01,1,0,1,99.73,2.394023416963874,500,1.0212038133739127
low-rank,1.0,1,0,1,5.0,0.03708665672298461,2,0.3596083167072407
low-rank,1.0,1,0,1,5.0,0.039345678955665736,5,0.42752674465717505
low-rank,1.0,1,0,1,5.0,0.04271907674789957,10,0.4573539739896855
low-rank,1.0,1,0,1,10.0,0.07506338162926056,2,0.5156671008042283
low-rank,1.0,1,0,1,10.0,0.0760302971245882,5,0.5773668387357855
low-rank,1.0,1,0,1,10.0,0.07788557124539006,10,0.639996542568281
low-rank,1.0,1,0,1,15.0,0.11498359180746728,2,0.7416925138126629
low-rank,1.0,1,0,1,15.0,0.11569301651627115,5,0.7892409107171836
low-rank,1.0,1,0,1,15.0,0.11677081647943877,10,0.8500706133853543
low-rank,1.0,1,0,1,20.0,0.1577246259275331,2,0.9052710329591074
low-rank,1.0,1,0,1,20.0,0.15796045047313792,5,0.9797479219674099
low-rank,1.0,1,0,1,20.0,0.15902188327267627,10,1.0232867177666496
low-rank,1.0,1,0,1,25.0,0.20298305843717362,2,1.0468834887026006
low-rank,1.0,1,0,1,25.0,0.20328851938272002,5,1.1478296062920033
low-rank,1.0,1,0,1,25.0,0.20468681441833972,10,1.1541489054438139
low-rank,1.0,1,0,1,30.0,0.2516863851572787,2,1.1666219561874422
low-rank,1.0,1,0,1,30.0,0.25160010179500014,5,1.2926770052562717
low-rank,1.0,1,0,1,30.0,0.25303274272317944,10,1.2625093723776681
low-rank,1.0,1,0,1,35.0,0.3039503841760098,2,1.2624647335456667
low-rank,1.0,1,0,1,35.0,0.30373033340664135,5,1.4141086158383904
low-rank,1.0,1,0,1,35.0,0.3048467738808546,10,1.3606513164521266
low-rank,1.0,1,0,1,40.0,0.3601110826579984,2,1.3333340216592355
low-rank,1.0,1,0,1,40.0,0.36001991349894846,5,1.492981389169381
low-rank,1.0,1,0,1,40.0,0.36117165990585703,10,1.4532690021170673
low-rank,1.0,1,0,1,45.0,0.4217901085841597,2,1.381215962962261
low-rank,1.0,1,0,1,45.0,0.42157911691338973,5,1.5266710611985566
low-rank,1.0,1,0,1,45.0,0.4225445773145326,10,1.5062138416425586
low-rank,1.0,1,0,1,50.0,0.48883293425732866,2,1.409768464473113
low-rank,1.0,1,0,1,50.0,0.48923433034795477,5,1.5494926317808466
low-rank,1.0,1,0,1,50.0,0.4896448285273435,10,1.5456592366816653
low-rank,1.0,1,0,1,60.0,0.646870158514572,2,1.423946772575746
low-rank,1.0,1,0,1,60.0,0.6478782516427055,5,1.564402888520778
low-rank,1.0,1,0,1,60.0,0.6476532805960256,10,1.558369366294278
low-rank,1.0,1,0,1,70.0,0.8498602934786037,2,1.3710400443491195
low-rank,1.0,1,0,1,70.0,0.8505854158419934,5,1.5107660291856764
low-rank,1.0,1,0,1,70.0,0.8504876495980607,10,1.5179957176566599
low-rank,1.0,1,0,1,75.0,0.9792734325401659,2,1.3267881065653016
low-rank,1.0,1,0,1,75.0,0.9789896486342512,5,1.4690378874861012
low-rank,1.0,1,0,1,75.0,0.9798068122180151,10,1.4856858115398417
low-rank,1.0,1,0,1,80.0,1.135373781233385,2,1.275856496972386
low-rank,1.0,1,0,1,80.0,1.136246833774138,5,1.4129268944893993
low-rank,1.0,1,0,1,80.0,1.1377332991794327,10,1.4428011525162512
low-rank,1.0,1,0,1,82.13,1.2137361360839845,2,1.2514945629421106
low-rank,1.0,1,0,1,82.13,1.2137773245220522,5,1.3827323642439406
low-rank,1.0,1,0,1,82.13,1.2164575480562945,10,1.4199969994862862
low-rank,1.0,1,0,1,85.0,1.3380921291409327,2,1.2160007091624063
low-rank,1.0,1,0,1,85.0,1.338917068826785,5,1.3403304464244523
low-rank,1.0,1,0,1,85.0,1.3410170872804197,10,1.3852815485633405
low-rank,1.0,1,0,1,90.0,1.623970993606454,2,1.145866878781749
low-rank,1.0,1,0,1,90.0,1.6258049242598762,5,1.2527366520846521
low-rank,1.0,1,0,1,90.0,1.6238268587595168,10,1.3283711622987848
low-rank,1.0,1,0,1,95.0,2.1076485906998412,2,1.0637591119372114
low-rank,1.0,1,0,1,95.0,2.113977784331613,5,1.147057575685525
low-rank,1.0,1,0,1,95.0,2.1074969123433127,10,1.2584376463589217
low-rank,1.0,1,0,1,99.0,3.214084222442485,2,0.967386668370437
low-rank,1.0,1,0,1,99.0,3.2259194023557116,5,1.0297541012761555
low-rank,1.0,1,0,1,99.0,3.219896669806598,10,1.1644165758581968
low-rank,1.0,1,0,1,99.73,3.9768542021141706,2,0.9467391192960359
low-rank,1.0,1,0,1,99.73,4.004980214804529,5,0.9963026579545465
low-rank,1.0,1,0,1,99.73,4.0041198266464715,10,1.145565426792
low-rank,2.0,1,0,1,5.0,0.10764664500466252,20,1.3659866038340953
low-rank,2.0,1,0,1,10.0,0.17007507693928356,20,1.6123764095174848
low-rank,2.0,1,0,1,15.0,0.2263478056677107,20,1.746025259379973
low-rank,2.0,1,0,1,20.0,0.2804689401155025,20,1.832469709900439
low-rank,2.0,1,0,1,25.0,0.33416103900476607,20,1.8661509529433105
low-rank,2.0,1,0,1,30.0,0.3882507724495872,20,1.8677906741074064
low-rank,2.0,1,0,1,35.0,0.44401869809861527,20,1.847996092033868
low-rank,2.0,1,0,1,40.0,0.5021135504123401,20,1.8114651990443988
low-rank,2.0,1,0,1,45.0,0.5630801053889611,20,1.7712547366885154
low-rank,2.0,1,0,1,50.0,0.6278591776525008,20,1.7192872928037417
low-rank,2.0,1,0,1,60.0,0.774258301768235,20,1.5994857519557564
low-rank,2.0,1,0,1,70.0,0.9546812492308534,20,1.4810111616695187
low-rank,2.0,1,0,1,75.0,1.0662993339128846,20,1.4215990787429755
low-rank,2.0,1,0,1,80.0,1.1993524283883061,20,1.3614379088552087
low-rank,2.0,1,0,1,82.13,1.2652692970713864,20,1.3350466455102723
low-rank,2.0,1,0,1,85.0,1.3689456874602712,20,1.2975867199396407
low-rank,2.0,1,0,1,90.0,1.6016318405417895,20,1.2288048590041325
low-rank,2.0,1,0,1,95.0,1.9914020875809963,20,1.15732280995952
low-rank,2.0,1,0,1,99.0,2.8568546379575466,20,1.0879090812392704
low-rank,2.0,1,0,1,99.73,3.4509555487036736,20,1.0707582625479328
low-rank,5.0,1,0,1,5.0,0.17818464606129952,50,2.591615479893169
low-rank,5.0,1,0,1,10.0,0.2595286018439614,50,2.4387398628878207
low-rank,5.0,1,0,1,15.0,0.32676290682905457,50,2.3046371929433827
low-rank,5.0,1,0,1,20.0,0.38772652400366037,50,2.1904340216097866
low-rank,5.0,1,0,1,25.0,0.4457172373078125,50,2.0877220516194237
low-rank,5.0,1,0,1,30.0,0.5026316604606227,50,1.9877815715295093
low-rank,5.0,1,0,1,35.0,0.5595008397721528,50,1.8944203852943975
low-rank,5.0,1,0,1,40.0,0.6170807752849502,50,1.8068186595535711
low-rank,5.0,1,0,1,45.0,0.6757737506870664,50,1.7245115840977605
low-rank,5.0,1,0,1,50.0,0.7372042577359935,50,1.6499812673102965
low-rank,5.0,1,0,1,60.0,0.8710306314321169,50,1.5136905063746922
low-rank,5.0,1,0,1,70.0,1.0302782029160062,50,1.3947301801115408
low-rank,5.0,1,0,1,75.0,1.124723553321158,50,1.3391693575834274
low-rank,5.0,1,0,1,80.0,1.2368131510433136,50,1.284734702963197
low-rank,5.0,1,0,1,82.13,1.291130079751263,50,1.2626273702973223
low-rank,5.0,1,0,1,85.0,1.375981656049325,50,1.2301709315332707
low-rank,5.0,1,0,1,90.0,1.5648466835707735,50,1.1731895475657665
low-rank,5.0,1,0,1,95.0,1.8696997452878505,50,1.1128511652496598
low-rank,5.0,1,0,1,99.0,2.51981227968541,50,1.0594161874388193
low-rank,5.0,1,0,1,99.73,2.9482243570622892,50,1.0481908935856332
low-rank,10.01,1,0,1,5.0,0.20305137277563703,100,2.8224119849186575
low-rank,10.01,1,0,1,10.0,0.29200638163996356,100,2.5292524530469187
low-rank,10.01,1,0,1,15.0,0.36460954104829846,100,2.304074769686112
low-rank,10.01,1,0,1,20.0,0.4294837091100783,100,2.116440989605731
low-rank,10.01,1,0,1,25.0,0.48975554011920275,100,1.9641904505022592
low-rank,10.01,1,0,1,30.0,0.54790760147388,100,1.8373554671092012
low-rank,10.01,1,0,1,35.0,0.6051976074991223,100,1.7272023494321729
low-rank,10.01,1,0,1,40.0,0.6623182447058531,100,1.6313461658032178
low-rank,10.01,1,0,1,45.0,0.7207824043373051,100,1.548203522601772
low-rank,10.01,1,0,1,50.0,0.7807262400168026,100,1.4757936164661218
low-rank,10.01,1,0,1,60.0,0.9092154892969513,100,1.3493132717478349
low-rank,10.01,1,0,1,70.0,1.0594282442273193,100,1.2415337548885743
low-rank,10.01,1,0,1,75.0,1.1472195629055082,100,1.1921161871716497
low-rank,10.01,1,0,1,80.0,1.249663071217461,100,1.1439324146097565
low-rank,10.01,1,0,1,82.13,1.2984981426584903,100,1.1246712134423638
low-rank,10.01,1,0,1,85.0,1.374960131017741,100,1.0974932716361328
low-rank,10.01,1,0,1,90.0,1.5410223279384712,100,1.051679380482418
low-rank,10.01,1,0,1,95.0,1.8077782560778708,100,1.003804713769556
low-rank,10.01,1,0,1,99.0,2.356773107608208,100,0.9611101667319559
low-rank,10.01,1,0,1,99.73,2.7146671874842907,100,0.9528440949199564
low-rank,50.04,1,0,1,5.0,0.22213659651847095,500,3.3080162902831747
low-rank,50.04,1,0,1,10.0,0.3190355878913303,500,2.784193298689667
low-rank,50.04,1,0,1,15.0,0.39680736573789066,500,2.433609042290996
low-rank,50.04,1,0,1,20.0,0.4643271336178481,500,2.1943565284541537
low-rank,50.04,1,0,1,25.0,0.5274789599671833,500,2.0151044577850126
low-rank,50.04,1,0,1,30.0,0.587789299282119,500,1.8724980254419097
low-rank,50.04,1,0,1,35.0,0.6468299750687796,500,1.7510627779821746
low-rank,50.04,1,0,1,40.0,0.7047048323094527,500,1.6491793224386335
low-rank,50.04,1,0,1,45.0,0.7629891821439563,500,1.5579949193841347
low-rank,50.04,1,0,1,50.0,0.8215976559945337,500,1.4830602320270223
low-rank,50.04,1,0,1,60.0,0.9467360911876479,500,1.361307338932017
low-rank,50.04,1,0,1,70.0,1.0884230153353798,500,1.2593253501696933
low-rank,50.04,1,0,1,75.0,1.169616070672706,500,1.2127843933903235
low-rank,50.04,1,0,1,80.0,1.262984849602909,500,1.1711952005379511
low-rank,50.04,1,0,1,82.13,1.3070098163020678,500,1.1537715328453082
low-rank,50.04,1,0,1,85.0,1.3748225202464013,500,1.128847779829826
low-rank,50.04,1,0,1,90.0,1.5200371604906018,500,1.0878225441103597
low-rank,50.04,1,0,1,95.0,1.7441807741804982,500,1.0473075309185325
low-rank,50.04,1,0,1,99.0,2.1877318092664337,500,1.0166735697806686
low-rank,50.04,1,0,1,99.73,2.4602487768603094,500,1.0117401069449063
