n,epsilon,m_est,var_mu_n,var_mu_n_fm,RE,var_X,modulation,M-estimator
10,0.05,frechet,2.4661401358457975,2.4661401358457975,1.0,4.223714677738478,5.83879434101892,"$L^2 loss$
(Fréchet mean)"
20,0.05,frechet,2.1996360255763987,2.1996360255763987,1.0,4.223714677738478,10.415646857823074,"$L^2 loss$
(Fréchet mean)"
50,0.05,frechet,2.099629039300983,2.099629039300983,1.0,4.223714677738478,24.855242357720016,"$L^2 loss$
(Fréchet mean)"
100,0.05,frechet,1.983714558316565,1.983714558316565,1.0,4.223714677738478,46.9661118155527,"$L^2 loss$
(Fréchet mean)"
500,0.05,frechet,1.9879492786647848,1.9879492786647848,1.0,4.223714677738478,235.33186192032284,"$L^2 loss$
(Fréchet mean)"
1000,0.05,frechet,1.9846732182183948,1.9846732182183948,1.0,4.223714677738478,469.8880889561075,"$L^2 loss$
(Fréchet mean)"
5000,0.05,frechet,1.9804833068967216,1.9804833068967216,1.0,4.223714677738478,2344.4804609258554,"$L^2 loss$
(Fréchet mean)"
10000,0.05,frechet,1.9846424194104446,1.9846424194104446,1.0,4.223714677738478,4698.807970790987,"$L^2 loss$
(Fréchet mean)"
10,0.05,huber_90,2.5820426421997364,2.4661401358457975,0.9551120866636047,4.223714677738478,6.113203280062115,"Huber
(Cutoff: π/2)"
20,0.05,huber_90,2.1954500500828864,2.1996360255763987,1.0019066594083315,4.223714677738478,10.395825559213227,"Huber
(Cutoff: π/2)"
50,0.05,huber_90,1.9550001610846226,2.099629039300983,1.0739789597439835,4.223714677738478,23.143137146415828,"Huber
(Cutoff: π/2)"
100,0.05,huber_90,1.718535750639428,1.983714558316565,1.1543050865124393,4.223714677738478,40.68778034882771,"Huber
(Cutoff: π/2)"
500,0.05,huber_90,1.6689530144871663,1.9879492786647848,1.1911355570879503,4.223714677738478,197.56933668881027,"Huber
(Cutoff: π/2)"
1000,0.05,huber_90,1.6534001988260871,1.9846732182183948,1.2003586425279924,4.223714677738478,391.45641336534936,"Huber
(Cutoff: π/2)"
5000,0.05,huber_90,1.6428936346328056,1.9804833068967216,1.205484801418303,4.223714677738478,1944.8444793061487,"Huber
(Cutoff: π/2)"
10000,0.05,huber_90,1.6363216369604197,1.9846424194104446,1.2128681639247005,4.223714677738478,3874.129200972833,"Huber
(Cutoff: π/2)"
10,0.05,huber_45,2.6552832178003207,2.4661401358457975,0.9287672664495608,4.223714677738478,6.286606507289102,"Huber
(Cutoff: π/4)"
20,0.05,huber_45,2.4934111499591554,2.1996360255763987,0.8821794294183817,4.223714677738478,11.806721524543004,"Huber
(Cutoff: π/4)"
50,0.05,huber_45,1.9275335248619399,2.099629039300983,1.0892827606987379,4.223714677738478,22.817989281108442,"Huber
(Cutoff: π/4)"
100,0.05,huber_45,0.9880653502519827,1.983714558316565,2.0076754617603636,4.223714677738478,23.39327879933942,"Huber
(Cutoff: π/4)"
500,0.05,huber_45,0.5153420001921692,1.9879492786647848,3.8575339831092466,4.223714677738478,61.00577803092764,"Huber
(Cutoff: π/4)"
1000,0.05,huber_45,0.42397346677575143,1.9846732182183948,4.681125999019487,4.223714677738478,100.37928674736177,"Huber
(Cutoff: π/4)"
5000,0.05,huber_45,0.41708738905089787,1.9804833068967216,4.748365351931175,4.223714677738478,493.7447494372664,"Huber
(Cutoff: π/4)"
10000,0.05,huber_45,0.4146710184210828,1.9846424194104446,4.786064931586599,4.223714677738478,981.7685380280277,"Huber
(Cutoff: π/4)"
10,0.05,biweight,2.409490068691805,2.4661401358457975,1.023511226665794,4.223714677738478,5.704670538924587,"Tukey's biweight
(Cutoff: π/2)"
20,0.05,biweight,2.2403235520142433,2.1996360255763987,0.9818385489893802,4.223714677738478,10.608309144659314,"Tukey's biweight
(Cutoff: π/2)"
50,0.05,biweight,2.136502215153463,2.099629039300983,0.9827413350704944,4.223714677738478,25.291744094530316,"Tukey's biweight
(Cutoff: π/2)"
100,0.05,biweight,0.9635502085245856,1.983714558316565,2.0587557770903113,4.223714677738478,22.8128621851063,"Tukey's biweight
(Cutoff: π/2)"
500,0.05,biweight,0.2865940839523664,1.9879492786647848,6.936463067378576,4.223714677738478,33.926780786459126,"Tukey's biweight
(Cutoff: π/2)"
1000,0.05,biweight,1.9536807253976505e-05,1.9846732182183948,101586.36426197203,4.223714677738478,0.00462550355424036,"Tukey's biweight
(Cutoff: π/2)"
5000,0.05,biweight,4.653893886018905e-06,1.9804833068967216,425554.0318283649,4.223714677738478,0.0055092427414045395,"Tukey's biweight
(Cutoff: π/2)"
10000,0.05,biweight,1.9429298246530474e-06,1.9846424194104446,1021468.9147431487,4.223714677738478,0.004600049891848658,"Tukey's biweight
(Cutoff: π/2)"
10,0.05,hampel,2.409335290485684,2.4661401358457975,1.0235769780920208,4.223714677738478,5.704304088494266,"Hampel
(Cutoff: π/4,π/2,3π/4)"
20,0.05,hampel,2.2405724861777356,2.1996360255763987,0.9817294638518159,4.223714677738478,10.609487889827896,"Hampel
(Cutoff: π/4,π/2,3π/4)"
50,0.05,hampel,2.136502357882425,2.099629039300983,0.9827412694184954,4.223714677738478,25.291745784144467,"Hampel
(Cutoff: π/4,π/2,3π/4)"
100,0.05,hampel,0.9635731363141083,1.983714558316565,2.0587067899222835,4.223714677738478,22.813405019821047,"Hampel
(Cutoff: π/4,π/2,3π/4)"
500,0.05,hampel,0.2865753797780933,1.9879492786647848,6.936915795781665,4.223714677738478,33.92456660111516,"Hampel
(Cutoff: π/4,π/2,3π/4)"
1000,0.05,hampel,1.951441533539607e-05,1.9846732182183948,101702.93007029069,4.223714677738478,0.0046202020790487575,"Hampel
(Cutoff: π/4,π/2,3π/4)"
5000,0.05,hampel,4.643096807157038e-06,1.9804833068967216,426543.61714878154,4.223714677738478,0.005496461244919024,"Hampel
(Cutoff: π/4,π/2,3π/4)"
10000,0.05,hampel,1.943690835823757e-06,1.9846424194104446,1021068.980123751,4.223714677738478,0.004601851649847891,"Hampel
(Cutoff: π/4,π/2,3π/4)"
10,0.05,cauchy,2.368436671274714,2.4661401358457975,1.0412523018901318,4.223714677738478,5.607473165168573,"Cauchy
(Cutoff: π/2)"
20,0.05,cauchy,2.264892601736824,2.1996360255763987,0.9711877834249697,4.223714677738478,10.72464773093776,"Cauchy
(Cutoff: π/2)"
50,0.05,cauchy,2.039711201148935,2.099629039300983,1.0293756479438352,4.223714677738478,24.145939732854618,"Cauchy
(Cutoff: π/2)"
100,0.05,cauchy,0.987106861544064,1.983714558316565,2.00962493079379,4.223714677738478,23.37058577244131,"Cauchy
(Cutoff: π/2)"
500,0.05,cauchy,0.27954545768052247,1.9879492786647848,7.111363193519336,4.223714677738478,33.092369988187826,"Cauchy
(Cutoff: π/2)"
1000,0.05,cauchy,0.023716445653141082,1.9846732182183948,83.6834172896198,4.223714677738478,5.615068124307981,"Cauchy
(Cutoff: π/2)"
5000,0.05,cauchy,0.022777637901805602,1.9804833068967216,86.9485815620823,4.223714677738478,26.963987437240355,"Cauchy
(Cutoff: π/2)"
10000,0.05,cauchy,0.02213082401363787,1.9846424194104446,89.67774621439452,4.223714677738478,52.39658855339034,"Cauchy
(Cutoff: π/2)"
10,0.1,frechet,1.790076305583032,1.790076305583032,1.0,3.761907182726014,4.75842762363392,"$L^2 loss$
(Fréchet mean)"
20,0.1,frechet,1.5219706208351171,1.5219706208351171,1.0,3.761907182726014,8.09148416964526,"$L^2 loss$
(Fréchet mean)"
50,0.1,frechet,1.553244766889864,1.553244766889864,1.0,3.761907182726014,20.644379186467944,"$L^2 loss$
(Fréchet mean)"
100,0.1,frechet,1.6107382163991983,1.6107382163991983,1.0,3.761907182726014,42.81706427514777,"$L^2 loss$
(Fréchet mean)"
500,0.1,frechet,1.5114612478894753,1.5114612478894753,1.0,3.761907182726014,200.89028974848546,"$L^2 loss$
(Fréchet mean)"
1000,0.1,frechet,1.5967205503018418,1.5967205503018418,1.0,3.761907182726014,424.44443011079295,"$L^2 loss$
(Fréchet mean)"
5000,0.1,frechet,1.5511912152129284,1.5511912152129284,1.0,3.761907182726014,2061.7085162756184,"$L^2 loss$
(Fréchet mean)"
10000,0.1,frechet,1.5849659242393965,1.5849659242393965,1.0,3.761907182726014,4213.197846872109,"$L^2 loss$
(Fréchet mean)"
10,0.1,huber_90,1.7011944728556299,1.790076305583032,1.0522467208456214,3.761907182726014,4.522159612728357,"Huber
(Cutoff: π/2)"
20,0.1,huber_90,1.2540828488345324,1.5219706208351171,1.213612499564557,3.761907182726014,6.667271614743979,"Huber
(Cutoff: π/2)"
50,0.1,huber_90,1.259698503757442,1.553244766889864,1.2330289845203666,3.761907182726014,16.74281744033646,"Huber
(Cutoff: π/2)"
100,0.1,huber_90,1.201088472476868,1.6107382163991983,1.341065419666843,3.761907182726014,31.927647709971296,"Huber
(Cutoff: π/2)"
500,0.1,huber_90,1.0728331277997645,1.5114612478894753,1.4088502757080943,3.761907182726014,142.59165307507013,"Huber
(Cutoff: π/2)"
1000,0.1,huber_90,1.130086900007411,1.5967205503018418,1.4129183784816643,3.761907182726014,300.40265352546766,"Huber
(Cutoff: π/2)"
5000,0.1,huber_90,1.077849040717274,1.5511912152129284,1.4391544238705822,3.761907182726014,1432.5832461610942,"Huber
(Cutoff: π/2)"
10000,0.1,huber_90,1.1065020120902176,1.5849659242393965,1.4324112445537676,3.761907182726014,2941.332569743005,"Huber
(Cutoff: π/2)"
10,0.1,huber_45,1.7624178803684643,1.790076305583032,1.0156934547264043,3.761907182726014,4.684905274806256,"Huber
(Cutoff: π/4)"
20,0.1,huber_45,0.9488346396016526,1.5219706208351171,1.604042008283006,3.761907182726014,5.044434078323499,"Huber
(Cutoff: π/4)"
50,0.1,huber_45,0.7700492851560969,1.553244766889864,2.017071889853135,3.761907182726014,10.234825684855032,"Huber
(Cutoff: π/4)"
100,0.1,huber_45,0.45083236355915224,1.6107382163991983,3.572809644105904,3.761907182726014,11.98414372447283,"Huber
(Cutoff: π/4)"
500,0.1,huber_45,0.2704247491985081,1.5114612478894753,5.5892119799285505,3.761907182726014,35.94250682742105,"Huber
(Cutoff: π/4)"
1000,0.1,huber_45,0.2840347225513437,1.5967205503018418,5.621568151806544,3.761907182726014,75.5028523445711,"Huber
(Cutoff: π/4)"
5000,0.1,huber_45,0.2700976403236207,1.5511912152129284,5.743075775687451,3.761907182726014,358.9903035936923,"Huber
(Cutoff: π/4)"
10000,0.1,huber_45,0.2771115645851424,1.5849659242393965,5.71959501802898,3.761907182726014,736.6252039858606,"Huber
(Cutoff: π/4)"
10,0.1,biweight,1.8300606549916894,1.790076305583032,0.9781513529075686,3.761907182726014,4.86471506632325,"Tukey's biweight
(Cutoff: π/2)"
20,0.1,biweight,1.1141359175105203,1.5219706208351171,1.3660547128180578,3.761907182726014,5.9232504333250295,"Tukey's biweight
(Cutoff: π/2)"
50,0.1,biweight,0.6404028826190438,1.553244766889864,2.4254181376223474,3.761907182726014,8.51167840556588,"Tukey's biweight
(Cutoff: π/2)"
100,0.1,biweight,0.288624478162977,1.6107382163991983,5.580740159847656,3.761907182726014,7.6722913177732694,"Tukey's biweight
(Cutoff: π/2)"
500,0.1,biweight,3.7167865946639175e-05,1.5114612478894753,40665.806588396445,3.761907182726014,0.00494002963673681,"Tukey's biweight
(Cutoff: π/2)"
1000,0.1,biweight,1.7643314717364444e-05,1.5967205503018418,90500.03221505533,3.761907182726014,0.004689992033397128,"Tukey's biweight
(Cutoff: π/2)"
5000,0.1,biweight,3.5018877836569716e-06,1.5511912152129284,442958.57293092395,3.761907182726014,0.004654404818567821,"Tukey's biweight
(Cutoff: π/2)"
10000,0.1,biweight,1.4329198290968662e-06,1.5849659242393965,1106109.2826375088,3.761907182726014,0.0038090249426582625,"Tukey's biweight
(Cutoff: π/2)"
10,0.1,hampel,1.829811123407935,1.790076305583032,0.9782847435363171,3.761907182726014,4.864051754945181,"Hampel
(Cutoff: π/4,π/2,3π/4)"
20,0.1,hampel,1.114204844020302,1.5219706208351171,1.3659702064689507,3.761907182726014,5.9236168778247675,"Hampel
(Cutoff: π/4,π/2,3π/4)"
50,0.1,hampel,0.6403624872035835,1.553244766889864,2.4255711381108083,3.761907182726014,8.511141504819818,"Hampel
(Cutoff: π/4,π/2,3π/4)"
100,0.1,hampel,0.2886152701752802,1.6107382163991983,5.580918207899997,3.761907182726014,7.672046548637575,"Hampel
(Cutoff: π/4,π/2,3π/4)"
500,0.1,hampel,3.7174281285429926e-05,1.5114612478894753,40658.78870082895,3.761907182726014,0.0049408823077995365,"Hampel
(Cutoff: π/4,π/2,3π/4)"
1000,0.1,hampel,1.7632507578651395e-05,1.5967205503018418,90555.50058206556,3.761907182726014,0.00468711925153726,"Hampel
(Cutoff: π/4,π/2,3π/4)"
5000,0.1,hampel,3.4883674662639904e-06,1.5511912152129284,444675.40481744026,3.761907182726014,0.004636434788027111,"Hampel
(Cutoff: π/4,π/2,3π/4)"
10000,0.1,hampel,1.4223712108421707e-06,1.5849659242393965,1114312.4327586435,3.761907182726014,0.0037809843298990406,"Hampel
(Cutoff: π/4,π/2,3π/4)"
10,0.1,cauchy,1.9303274532884778,1.790076305583032,0.9273433388379179,3.761907182726014,5.1312468902799795,"Cauchy
(Cutoff: π/2)"
20,0.1,cauchy,1.0465839576085543,1.5219706208351171,1.4542269731640278,3.761907182726014,5.564113662422482,"Cauchy
(Cutoff: π/2)"
50,0.1,cauchy,0.702512750297856,1.553244766889864,2.2109844500776803,3.761907182726014,9.337188773870675,"Cauchy
(Cutoff: π/2)"
100,0.1,cauchy,0.2687241998678322,1.6107382163991983,5.994019955000014,3.761907182726014,7.143296918694971,"Cauchy
(Cutoff: π/2)"
500,0.1,cauchy,0.00967845595990203,1.5114612478894753,156.16760092224206,3.761907182726014,1.286376230166406,"Cauchy
(Cutoff: π/2)"
1000,0.1,cauchy,0.009348015528461342,1.5967205503018418,170.8085042692112,3.761907182726014,2.484913921158318,"Cauchy
(Cutoff: π/2)"
5000,0.1,cauchy,0.006193366680879787,1.5511912152129284,250.46009628362208,3.761907182726014,8.231684595141777,"Cauchy
(Cutoff: π/2)"
10000,0.1,cauchy,0.00642707623897703,1.5849659242393965,246.60761212499148,3.761907182726014,17.084622046203005,"Cauchy
(Cutoff: π/2)"
10,0.2,frechet,1.0685502221351022,1.0685502221351022,1.0,2.8175523808476077,3.7924768653764973,"$L^2 loss$
(Fréchet mean)"
20,0.2,frechet,0.9898652346001385,0.9898652346001385,1.0,2.8175523808476077,7.026419393859547,"$L^2 loss$
(Fréchet mean)"
50,0.2,frechet,0.9670288554721698,0.9670288554721698,1.0,2.8175523808476077,17.160796406937735,"$L^2 loss$
(Fréchet mean)"
100,0.2,frechet,0.9005764434133171,0.9005764434133171,1.0,2.8175523808476077,31.96307722741948,"$L^2 loss$
(Fréchet mean)"
500,0.2,frechet,0.8860879208846469,0.8860879208846469,1.0,2.8175523808476077,157.24426756142222,"$L^2 loss$
(Fréchet mean)"
1000,0.2,frechet,0.8708443281260037,0.8708443281260037,1.0,2.8175523808476077,309.0783099705946,"$L^2 loss$
(Fréchet mean)"
5000,0.2,frechet,0.8815731721288712,0.8815731721288712,1.0,2.8175523808476077,1564.4308480676168,"$L^2 loss$
(Fréchet mean)"
10000,0.2,frechet,0.8823911960920523,0.8823911960920523,1.0,2.8175523808476077,3131.765010262565,"$L^2 loss$
(Fréchet mean)"
10,0.2,huber_90,0.861354390726546,1.0685502221351022,1.2405465550988695,2.8175523808476077,3.057101605569525,"Huber
(Cutoff: π/2)"
20,0.2,huber_90,0.6992554259311623,0.9898652346001385,1.4155989326532379,2.8175523808476077,4.96356646772121,"Huber
(Cutoff: π/2)"
50,0.2,huber_90,0.5650817437241472,0.9670288554721698,1.7113079058243985,2.8175523808476077,10.027883555338782,"Huber
(Cutoff: π/2)"
100,0.2,huber_90,0.4948531542918609,0.9005764434133171,1.8198862341335376,2.8175523808476077,17.563228199611807,"Huber
(Cutoff: π/2)"
500,0.2,huber_90,0.45864368409275885,0.8860879208846469,1.9319745406227795,2.8175523808476077,81.39044498522944,"Huber
(Cutoff: π/2)"
1000,0.2,huber_90,0.44548643127593335,0.8708443281260037,1.9548167283833715,2.8175523808476077,158.11114437628206,"Huber
(Cutoff: π/2)"
5000,0.2,huber_90,0.4517035249635937,0.8815731721288712,1.9516632556717906,2.8175523808476077,801.5885135517999,"Huber
(Cutoff: π/2)"
10000,0.2,huber_90,0.4505195956118046,0.8823911960920523,1.9586078046034092,2.8175523808476077,1598.975048961731,"Huber
(Cutoff: π/2)"
10,0.2,huber_45,0.6653068847605507,1.0685502221351022,1.6061012543402164,2.8175523808476077,2.361293757244739,"Huber
(Cutoff: π/4)"
20,0.2,huber_45,0.37927485540516687,0.9898652346001385,2.609888898494729,2.8175523808476077,2.6922293121029335,"Huber
(Cutoff: π/4)"
50,0.2,huber_45,0.1456410980691998,0.9670288554721698,6.639807501401124,2.8175523808476077,2.5845322177362045,"Huber
(Cutoff: π/4)"
100,0.2,huber_45,0.12535898847579782,0.9005764434133171,7.183979819581785,2.8175523808476077,4.449215898448919,"Huber
(Cutoff: π/4)"
500,0.2,huber_45,0.11519690885958594,0.8860879208846469,7.6919418208061785,2.8175523808476077,20.44272710644888,"Huber
(Cutoff: π/4)"
1000,0.2,huber_45,0.11187679916260151,0.8708443281260037,7.783958199057164,2.8175523808476077,39.70708758534082,"Huber
(Cutoff: π/4)"
5000,0.2,huber_45,0.11306372641162402,0.8815731721288712,7.79713529801223,2.8175523808476077,200.64174703579232,"Huber
(Cutoff: π/4)"
10000,0.2,huber_45,0.11262696731155727,0.8823911960920523,7.834635142497575,2.8175523808476077,399.7333574954712,"Huber
(Cutoff: π/4)"
10,0.2,biweight,0.8839200670609492,1.0685502221351022,1.2088765284943148,2.8175523808476077,3.137191248224597,"Tukey's biweight
(Cutoff: π/2)"
20,0.2,biweight,0.5530184783147755,0.9898652346001385,1.7899315726602394,2.8175523808476077,3.925524026271414,"Tukey's biweight
(Cutoff: π/2)"
50,0.2,biweight,0.00037781067059144524,0.9670288554721698,2559.5594056629757,2.8175523808476077,0.006704590004424123,"Tukey's biweight
(Cutoff: π/2)"
100,0.2,biweight,0.0001383958191066244,0.9005764434133171,6507.251803029434,2.8175523808476077,0.004911916457964505,"Tukey's biweight
(Cutoff: π/2)"
500,0.2,biweight,3.142678374708641e-05,0.8860879208846469,28195.310344692734,2.8175523808476077,0.005576965305190217,"Tukey's biweight
(Cutoff: π/2)"
1000,0.2,biweight,1.5573713994384508e-05,0.8708443281260037,55917.57550190073,2.8175523808476077,0.00552739111444645,"Tukey's biweight
(Cutoff: π/2)"
5000,0.2,biweight,2.954554155897729e-06,0.8815731721288712,298377.73336092697,2.8175523808476077,0.005243121966394298,"Tukey's biweight
(Cutoff: π/2)"
10000,0.2,biweight,1.1048762712465984e-06,0.8823911960920523,798633.4932294971,2.8175523808476077,0.003921404545154249,"Tukey's biweight
(Cutoff: π/2)"
10,0.2,hampel,0.8839583675652638,1.0685502221351022,1.2088241498050074,2.8175523808476077,3.1373271836009007,"Hampel
(Cutoff: π/4,π/2,3π/4)"
20,0.2,hampel,0.5530301726776664,0.9898652346001385,1.7898937228097342,2.8175523808476077,3.9256070370645437,"Hampel
(Cutoff: π/4,π/2,3π/4)"
50,0.2,hampel,0.0003757712741516841,0.9670288554721698,2573.4507185395396,2.8175523808476077,0.006668399081167044,"Hampel
(Cutoff: π/4,π/2,3π/4)"
100,0.2,hampel,0.0001381384106157205,0.9005764434133171,6519.377480884591,2.8175523808476077,0.0049027805677977895,"Hampel
(Cutoff: π/4,π/2,3π/4)"
500,0.2,hampel,3.135154743194852e-05,0.8860879208846469,28262.972435666343,2.8175523808476077,0.00556361394468858,"Hampel
(Cutoff: π/4,π/2,3π/4)"
1000,0.2,hampel,1.555155810391625e-05,0.8708443281260037,55997.2397818264,2.8175523808476077,0.005519527590552852,"Hampel
(Cutoff: π/4,π/2,3π/4)"
5000,0.2,hampel,2.9480394713612745e-06,0.8815731721288712,299037.09929697774,2.8175523808476077,0.005231561073009071,"Hampel
(Cutoff: π/4,π/2,3π/4)"
10000,0.2,hampel,1.0982951813957947e-06,0.8823911960920523,803418.981562538,2.8175523808476077,0.0038980470739833884,"Hampel
(Cutoff: π/4,π/2,3π/4)"
10,0.2,cauchy,0.9397908694847384,1.0685502221351022,1.1370085162893304,2.8175523808476077,3.335486771685217,"Cauchy
(Cutoff: π/2)"
20,0.2,cauchy,0.5308276250577513,0.9898652346001385,1.8647583280776814,2.8175523808476077,3.76800536995207,"Cauchy
(Cutoff: π/2)"
50,0.2,cauchy,0.006970189838971966,0.9670288554721698,138.73780740738002,2.8175523808476077,0.12369228494831239,"Cauchy
(Cutoff: π/2)"
100,0.2,cauchy,0.0031853142259150613,0.9005764434133171,282.72766186971836,2.8175523808476077,0.11305252912305465,"Cauchy
(Cutoff: π/2)"
500,0.2,cauchy,0.000678855747185438,0.8860879208846469,1305.2668767383961,2.8175523808476077,0.12046905530487724,"Cauchy
(Cutoff: π/2)"
1000,0.2,cauchy,0.00037510274735270206,0.8708443281260037,2321.6154354293894,2.8175523808476077,0.13313070944216462,"Cauchy
(Cutoff: π/2)"
5000,0.2,cauchy,8.694112026159294e-05,0.8815731721288712,10139.88742583887,2.8175523808476077,0.154284833979623,"Cauchy
(Cutoff: π/2)"
10000,0.2,cauchy,3.730539609049239e-05,0.8823911960920523,23653.178589810963,2.8175523808476077,0.132403558294344,"Cauchy
(Cutoff: π/2)"
10,0.3,frechet,0.5742572571276816,0.5742572571276816,1.0,1.8821669692592637,3.0510431141700645,"$L^2 loss$
(Fréchet mean)"
20,0.3,frechet,0.46180101090122333,0.46180101090122333,1.0,1.8821669692592637,4.907120552465836,"$L^2 loss$
(Fréchet mean)"
50,0.3,frechet,0.3909949538921517,0.3909949538921517,1.0,1.8821669692592637,10.386829656404759,"$L^2 loss$
(Fréchet mean)"
100,0.3,frechet,0.40684029506488334,0.40684029506488334,1.0,1.8821669692592637,21.615526237026536,"$L^2 loss$
(Fréchet mean)"
500,0.3,frechet,0.41569198442040256,0.41569198442040256,1.0,1.8821669692592637,110.42909348897994,"$L^2 loss$
(Fréchet mean)"
1000,0.3,frechet,0.39343169308040354,0.39343169308040354,1.0,1.8821669692592637,209.03123872970767,"$L^2 loss$
(Fréchet mean)"
5000,0.3,frechet,0.39266389380881106,0.39266389380881106,1.0,1.8821669692592637,1043.1165253190738,"$L^2 loss$
(Fréchet mean)"
10000,0.3,frechet,0.390407875878062,0.390407875878062,1.0,1.8821669692592637,2074.2467711656263,"$L^2 loss$
(Fréchet mean)"
10,0.3,huber_90,0.36446698418620627,0.5742572571276816,1.5756084420373546,1.8821669692592637,1.9364221673151776,"Huber
(Cutoff: π/2)"
20,0.3,huber_90,0.22481349147197416,0.46180101090122333,2.0541516786984855,1.8821669692592637,2.388879362392069,"Huber
(Cutoff: π/2)"
50,0.3,huber_90,0.1663997758868064,0.3909949538921517,2.349732454917045,1.8821669692592637,4.4204307748609,"Huber
(Cutoff: π/2)"
100,0.3,huber_90,0.16796733532735494,0.40684029506488334,2.4221393657998087,1.8821669692592637,8.92414637334005,"Huber
(Cutoff: π/2)"
500,0.3,huber_90,0.16715540602053086,0.41569198442040256,2.486859350330226,1.8821669692592637,44.40504183492172,"Huber
(Cutoff: π/2)"
1000,0.3,huber_90,0.15528711700251502,0.39343169308040354,2.533575873354849,1.8821669692592637,82.50443214590524,"Huber
(Cutoff: π/2)"
5000,0.3,huber_90,0.1538272211374924,0.39266389380881106,2.552629442989443,1.8821669692592637,408.6439291781639,"Huber
(Cutoff: π/2)"
10000,0.3,huber_90,0.1528511511242407,0.390407875878062,2.5541703350387603,1.8821669692592637,812.101974058104,"Huber
(Cutoff: π/2)"
10,0.3,huber_45,0.15065916400451462,0.5742572571276816,3.8116317777421993,1.8821669692592637,0.8004558918798118,"Huber
(Cutoff: π/4)"
20,0.3,huber_45,0.05869605111694971,0.46180101090122333,7.867667451445786,1.8821669692592637,0.6237071638766442,"Huber
(Cutoff: π/4)"
50,0.3,huber_45,0.03849918791648889,0.3909949538921517,10.155927307876844,1.8821669692592637,1.0227357228471723,"Huber
(Cutoff: π/4)"
100,0.3,huber_45,0.03933949679625128,0.40684029506488334,10.341776794248466,1.8821669692592637,2.0901172658307536,"Huber
(Cutoff: π/4)"
500,0.3,huber_45,0.03793175457066548,0.41569198442040256,10.95894427045244,1.8821669692592637,10.076617853301746,"Huber
(Cutoff: π/4)"
1000,0.3,huber_45,0.03439305376420323,0.39343169308040354,11.439277703508049,1.8821669692592637,18.273115151807595,"Huber
(Cutoff: π/4)"
5000,0.3,huber_45,0.033996262059451776,0.39266389380881106,11.55020787644626,1.8821669692592637,90.3114936525296,"Huber
(Cutoff: π/4)"
10000,0.3,huber_45,0.03373006064078882,0.390407875878062,11.57447892062052,1.8821669692592637,179.20865253555826,"Huber
(Cutoff: π/4)"
10,0.3,biweight,0.1886733942999291,0.5742572571276816,3.0436578472468674,1.8821669692592637,1.0024264445262392,"Tukey's biweight
(Cutoff: π/2)"
20,0.3,biweight,0.0007481121627432926,0.46180101090122333,617.2884680925657,1.8821669692592637,0.00794947711825711,"Tukey's biweight
(Cutoff: π/2)"
50,0.3,biweight,0.0002445470325837546,0.3909949538921517,1598.853806407323,1.8821669692592637,0.006496422383822763,"Tukey's biweight
(Cutoff: π/2)"
100,0.3,biweight,0.0001268613214483614,0.40684029506488334,3206.9687625829024,1.8821669692592637,0.0067401736147929695,"Tukey's biweight
(Cutoff: π/2)"
500,0.3,biweight,1.9612895242704067e-05,0.41569198442040256,21194.83020106573,1.8821669692592637,0.00521019005301714,"Tukey's biweight
(Cutoff: π/2)"
1000,0.3,biweight,1.3674295456248632e-05,0.39343169308040354,28771.624420373355,1.8821669692592637,0.007265187244057428,"Tukey's biweight
(Cutoff: π/2)"
5000,0.3,biweight,2.994106210335645e-06,0.39266389380881106,131145.61282206242,1.8821669692592637,0.007953880445351749,"Tukey's biweight
(Cutoff: π/2)"
10000,0.3,biweight,1.4535843023405775e-06,0.390407875878062,268582.892130455,1.8821669692592637,0.007722929612948435,"Tukey's biweight
(Cutoff: π/2)"
10,0.3,hampel,0.18868066745761441,0.5742572571276816,3.0435405220128544,1.8821669692592637,1.0024650869942249,"Hampel
(Cutoff: π/4,π/2,3π/4)"
20,0.3,hampel,0.0007502123300576706,0.46180101090122333,615.5604118979537,1.8821669692592637,0.007971793600786868,"Hampel
(Cutoff: π/4,π/2,3π/4)"
50,0.3,hampel,0.0002441605430331967,0.3909949538921517,1601.3846833515236,1.8821669692592637,0.00648615524076717,"Hampel
(Cutoff: π/4,π/2,3π/4)"
100,0.3,hampel,0.00012693993687838286,0.40684029506488334,3204.982648247763,1.8821669692592637,0.006744350472176265,"Hampel
(Cutoff: π/4,π/2,3π/4)"
500,0.3,hampel,1.9573701048652537e-05,0.41569198442040256,21237.27052881596,1.8821669692592637,0.005199778066543125,"Hampel
(Cutoff: π/4,π/2,3π/4)"
1000,0.3,hampel,1.3700201783912834e-05,0.39343169308040354,28717.218861869773,1.8821669692592637,0.007278951340488468,"Hampel
(Cutoff: π/4,π/2,3π/4)"
5000,0.3,hampel,2.984760645123386e-06,0.39266389380881106,131556.24202240809,1.8821669692592637,0.007929053834947634,"Hampel
(Cutoff: π/4,π/2,3π/4)"
10000,0.3,hampel,1.456282337058482e-06,0.390407875878062,268085.2922151344,1.8821669692592637,0.007737264338623524,"Hampel
(Cutoff: π/4,π/2,3π/4)"
10,0.3,cauchy,0.16934234293516912,0.5742572571276816,3.3911025864779125,1.8821669692592637,0.8997200870112743,"Cauchy
(Cutoff: π/2)"
20,0.3,cauchy,0.0038349593888578042,0.46180101090122333,120.4187486946935,1.8821669692592637,0.04075046955443142,"Cauchy
(Cutoff: π/2)"
50,0.3,cauchy,0.0012242960825275795,0.3909949538921517,319.36306868264757,1.8821669692592637,0.032523577942965586,"Cauchy
(Cutoff: π/2)"
100,0.3,cauchy,0.0007230631932007579,0.40684029506488334,562.6621557984967,1.8821669692592637,0.03841652759878807,"Cauchy
(Cutoff: π/2)"
500,0.3,cauchy,0.00011266824100249822,0.41569198442040256,3689.5222710647035,1.8821669692592637,0.029930458573194322,"Cauchy
(Cutoff: π/2)"
1000,0.3,cauchy,7.447497302157379e-05,0.39343169308040354,5282.736966771843,1.8821669692592637,0.03956873871337981,"Cauchy
(Cutoff: π/2)"
5000,0.3,cauchy,1.7357954491777117e-05,0.39266389380881106,22621.553363031653,1.8821669692592637,0.046111622335526445,"Cauchy
(Cutoff: π/2)"
10000,0.3,cauchy,7.4583830994102835e-06,0.390407875878062,52344.84078847205,1.8821669692592637,0.039626575225393354,"Cauchy
(Cutoff: π/2)"
10,0.375,frechet,0.2231813955171284,0.2231813955171284,1.0,1.1835248783491672,1.8857347200713828,"$L^2 loss$
(Fréchet mean)"
20,0.375,frechet,0.2065685034706231,0.2065685034706231,1.0,1.1835248783491672,3.4907336085533576,"$L^2 loss$
(Fréchet mean)"
50,0.375,frechet,0.1535089279329209,0.1535089279329209,1.0,1.1835248783491672,6.485242969587675,"$L^2 loss$
(Fréchet mean)"
100,0.375,frechet,0.16063412810960517,0.16063412810960517,1.0,1.1835248783491672,13.57251808121387,"$L^2 loss$
(Fréchet mean)"
500,0.375,frechet,0.14935445724246818,0.14935445724246818,1.0,1.1835248783491672,63.097303645528086,"$L^2 loss$
(Fréchet mean)"
1000,0.375,frechet,0.15769452910651036,0.15769452910651036,1.0,1.1835248783491672,133.24141468531667,"$L^2 loss$
(Fréchet mean)"
5000,0.375,frechet,0.15168043983939591,0.15168043983939591,1.0,1.1835248783491672,640.79954132847,"$L^2 loss$
(Fréchet mean)"
10000,0.375,frechet,0.15403173038252482,0.15403173038252482,1.0,1.1835248783491672,1301.4659277578946,"$L^2 loss$
(Fréchet mean)"
10,0.375,huber_90,0.10731889343076594,0.2231813955171284,2.0796095485377717,1.1835248783491672,0.906773447639386,"Huber
(Cutoff: π/2)"
20,0.375,huber_90,0.08296875523827564,0.2065685034706231,2.489714385582679,1.1835248783491672,1.4020618705371724,"Huber
(Cutoff: π/2)"
50,0.375,huber_90,0.0545314097009154,0.1535089279329209,2.815055190666454,1.1835248783491672,2.3037711626720605,"Huber
(Cutoff: π/2)"
100,0.375,huber_90,0.053673540568451805,0.16063412810960517,2.9927991782979673,1.1835248783491672,4.535058075274094,"Huber
(Cutoff: π/2)"
500,0.375,huber_90,0.04723512521152856,0.14935445724246818,3.1619363042572313,1.1835248783491672,19.955273469795667,"Huber
(Cutoff: π/2)"
1000,0.375,huber_90,0.04990425658485838,0.15769452910651036,3.159941453859008,1.1835248783491672,42.1657858637218,"Huber
(Cutoff: π/2)"
5000,0.375,huber_90,0.04754360866550452,0.15168043983939591,3.190343436202989,1.1835248783491672,200.8559749577062,"Huber
(Cutoff: π/2)"
10000,0.375,huber_90,0.0475460856557023,0.15403173038252482,3.239630103262801,1.1835248783491672,401.7328788391984,"Huber
(Cutoff: π/2)"
10,0.375,huber_45,0.02811040118740693,0.2231813955171284,7.93945963379244,1.1835248783491672,0.23751423989174236,"Huber
(Cutoff: π/4)"
20,0.375,huber_45,0.019824207484090858,0.2065685034706231,10.420013190257244,1.1835248783491672,0.335002801322479,"Huber
(Cutoff: π/4)"
50,0.375,huber_45,0.011655873665736886,0.1535089279329209,13.170091949792598,1.1835248783491672,0.4924219963164194,"Huber
(Cutoff: π/4)"
100,0.375,huber_45,0.00907554453139666,0.16063412810960517,17.69966832886938,1.1835248783491672,0.7668233002466016,"Huber
(Cutoff: π/4)"
500,0.375,huber_45,0.004578217065212354,0.14935445724246818,32.62284315379891,1.1835248783491672,1.93414483673476,"Huber
(Cutoff: π/4)"
1000,0.375,huber_45,0.0028301033517971748,0.15769452910651036,55.720413534145685,1.1835248783491672,2.391249566079868,"Huber
(Cutoff: π/4)"
5000,0.375,huber_45,0.0008634585602326667,0.15168043983939591,175.66614870147822,1.1835248783491672,3.647825981643313,"Huber
(Cutoff: π/4)"
10000,0.375,huber_45,0.0006721915579101001,0.15403173038252482,229.14856422984897,1.1835248783491672,5.679572691768867,"Huber
(Cutoff: π/4)"
10,0.375,biweight,0.0010247276759675283,0.2231813955171284,217.795811268984,1.1835248783491672,0.008658268995552198,"Tukey's biweight
(Cutoff: π/2)"
20,0.375,biweight,0.000527136357525455,0.2065685034706231,391.8692014345607,1.1835248783491672,0.0089079049738393,"Tukey's biweight
(Cutoff: π/2)"
50,0.375,biweight,0.0002614055095497467,0.1535089279329209,587.2444241796189,1.1835248783491672,0.011043515617279068,"Tukey's biweight
(Cutoff: π/2)"
100,0.375,biweight,0.00012038545784821391,0.16063412810960517,1334.331662484834,1.1835248783491672,0.01017177247816986,"Tukey's biweight
(Cutoff: π/2)"
500,0.375,biweight,2.0941095346056586e-05,0.14935445724246818,7132.1224976225085,1.1835248783491672,0.008846918104191503,"Tukey's biweight
(Cutoff: π/2)"
1000,0.375,biweight,1.0204145624820485e-05,0.15769452910651036,15453.966937019735,1.1835248783491672,0.008621826048180481,"Tukey's biweight
(Cutoff: π/2)"
5000,0.375,biweight,2.4682380421540025e-06,0.15168043983939591,61452.921982770415,1.1835248783491672,0.010427486938833132,"Tukey's biweight
(Cutoff: π/2)"
10000,0.375,biweight,1.0389153783543264e-06,0.15403173038252482,148262.05636354693,1.1835248783491672,0.008778145667740008,"Tukey's biweight
(Cutoff: π/2)"
10,0.375,hampel,0.0010294373951569393,0.2231813955171284,216.7993863124664,1.1835248783491672,0.008698062997989904,"Hampel
(Cutoff: π/4,π/2,3π/4)"
20,0.375,hampel,0.0005245498965323048,0.2065685034706231,393.80143783500193,1.1835248783491672,0.008864197215084657,"Hampel
(Cutoff: π/4,π/2,3π/4)"
50,0.375,hampel,0.0002621527969586399,0.1535089279329209,585.5704372177274,1.1835248783491672,0.011075086031326278,"Hampel
(Cutoff: π/4,π/2,3π/4)"
100,0.375,hampel,0.00012023152111733756,0.16063412810960517,1336.040055193492,1.1835248783491672,0.01015876584572027,"Hampel
(Cutoff: π/4,π/2,3π/4)"
500,0.375,hampel,2.0884111156564685e-05,0.14935445724246818,7151.5831400619745,1.1835248783491672,0.00882284417446922,"Hampel
(Cutoff: π/4,π/2,3π/4)"
1000,0.375,hampel,1.0229099225241421e-05,0.15769452910651036,15416.267418482154,1.1835248783491672,0.00864291018496326,"Hampel
(Cutoff: π/4,π/2,3π/4)"
5000,0.375,hampel,2.46033370243965e-06,0.15168043983939591,61650.35242536028,1.1835248783491672,0.010394093725648725,"Hampel
(Cutoff: π/4,π/2,3π/4)"
10000,0.375,hampel,1.0322541941219053e-06,0.15403173038252482,149218.7982956592,1.1835248783491672,0.008721863080408915,"Hampel
(Cutoff: π/4,π/2,3π/4)"
10,0.375,cauchy,0.0025936598260477527,0.2231813955171284,86.04883079721934,1.1835248783491672,0.021914704739164452,"Cauchy
(Cutoff: π/2)"
20,0.375,cauchy,0.001389961892085259,0.2065685034706231,148.61450853211764,1.1835248783491672,0.023488511606516282,"Cauchy
(Cutoff: π/2)"
50,0.375,cauchy,0.0006682347708902954,0.1535089279329209,229.72304737809367,1.1835248783491672,0.02823070233311778,"Cauchy
(Cutoff: π/2)"
100,0.375,cauchy,0.00034540973744055315,0.16063412810960517,465.05384966818184,1.1835248783491672,0.029184831156430432,"Cauchy
(Cutoff: π/2)"
500,0.375,cauchy,5.043429539029103e-05,0.14935445724246818,2961.3669842450104,1.1835248783491672,0.02130681674416469,"Cauchy
(Cutoff: π/2)"
1000,0.375,cauchy,2.053435747230703e-05,0.15769452910651036,7679.545333676974,1.1835248783491672,0.017350169690517413,"Cauchy
(Cutoff: π/2)"
5000,0.375,cauchy,4.670534829892713e-06,0.15168043983939591,32476.032266925664,1.1835248783491672,0.01973146029852529,"Cauchy
(Cutoff: π/2)"
10000,0.375,cauchy,2.641248840632172e-06,0.15403173038252482,58317.76544979305,1.1835248783491672,0.02231680033896966,"Cauchy
(Cutoff: π/2)"
10,0.4,frechet,0.1690908148977759,0.1690908148977759,1.0,0.9479061953773987,1.7838348955030743,"$L^2 loss$
(Fréchet mean)"
20,0.4,frechet,0.12747810346824962,0.12747810346824962,1.0,0.9479061953773987,2.689677609238445,"$L^2 loss$
(Fréchet mean)"
50,0.4,frechet,0.10522179624761224,0.10522179624761224,1.0,0.9479061953773987,5.550221992468321,"$L^2 loss$
(Fréchet mean)"
100,0.4,frechet,0.10201304520357202,0.10201304520357202,1.0,0.9479061953773987,10.76193464090153,"$L^2 loss$
(Fréchet mean)"
500,0.4,frechet,0.0953522839683777,0.0953522839683777,1.0,0.9479061953773987,50.29626582956038,"$L^2 loss$
(Fréchet mean)"
1000,0.4,frechet,0.09817526725907076,0.09817526725907076,1.0,0.9479061953773987,103.57065682009107,"$L^2 loss$
(Fréchet mean)"
5000,0.4,frechet,0.09601934115982505,0.09601934115982505,1.0,0.9479061953773987,506.4812405915122,"$L^2 loss$
(Fréchet mean)"
10000,0.4,frechet,0.09906095677383336,0.09906095677383336,1.0,0.9479061953773987,1045.0502091548553,"$L^2 loss$
(Fréchet mean)"
10,0.4,huber_90,0.07595386694563168,0.1690908148977759,2.226230496188065,0.9479061953773987,0.8012804148346289,"Huber
(Cutoff: π/2)"
20,0.4,huber_90,0.047472894016102815,0.12747810346824962,2.685281908977553,0.9479061953773987,1.0016369604421036,"Huber
(Cutoff: π/2)"
50,0.4,huber_90,0.03366509441746923,0.10522179624761224,3.125545853007065,0.9479061953773987,1.7757608601801487,"Huber
(Cutoff: π/2)"
100,0.4,huber_90,0.02851963193176301,0.10201304520357202,3.5769411557502466,0.9479061953773987,3.008697703511498,"Huber
(Cutoff: π/2)"
500,0.4,huber_90,0.024484305298232215,0.0953522839683777,3.894424726653862,0.9479061953773987,12.914941065705372,"Huber
(Cutoff: π/2)"
1000,0.4,huber_90,0.024929940634639304,0.09817526725907076,3.9380465721069373,0.9479061953773987,26.300008119172293,"Huber
(Cutoff: π/2)"
5000,0.4,huber_90,0.023278768636158104,0.09601934115982505,4.124760319610786,0.9479061953773987,122.79046571106073,"Huber
(Cutoff: π/2)"
10000,0.4,huber_90,0.024003358935721184,0.09906095677383336,4.126962273867987,0.9479061953773987,253.22504539770947,"Huber
(Cutoff: π/2)"
10,0.4,huber_45,0.02070065959113777,0.1690908148977759,8.168378121157353,0.9479061953773987,0.2183829970949396,"Huber
(Cutoff: π/4)"
20,0.4,huber_45,0.01209506981909865,0.12747810346824962,10.539674873720534,0.9479061953773987,0.2551955009489758,"Huber
(Cutoff: π/4)"
50,0.4,huber_45,0.005347553997490614,0.10522179624761224,19.67662155388959,0.9479061953773987,0.28207189823047535,"Huber
(Cutoff: π/4)"
100,0.4,huber_45,0.003527870420882381,0.10201304520357202,28.916324307074976,0.9479061953773987,0.3721750567816256,"Huber
(Cutoff: π/4)"
500,0.4,huber_45,0.0013211021266112072,0.0953522839683777,72.1763155532633,0.9479061953773987,0.6968527756510888,"Huber
(Cutoff: π/4)"
1000,0.4,huber_45,0.0006601613231748018,0.09817526725907076,148.71405490241855,0.9479061953773987,0.6964416166854629,"Huber
(Cutoff: π/4)"
5000,0.4,huber_45,0.00017613673993007814,0.09601934115982505,545.1409013130498,0.9479061953773987,0.9290831771594824,"Huber
(Cutoff: π/4)"
10000,0.4,huber_45,7.654072714487174e-05,0.09906095677383336,1294.2254466218576,0.9479061953773987,0.8074715358770058,"Huber
(Cutoff: π/4)"
10,0.4,biweight,0.0010185215463349784,0.1690908148977759,166.01594291866274,0.9479061953773987,0.010744961382275438,"Tukey's biweight
(Cutoff: π/2)"
20,0.4,biweight,0.0005675107114036219,0.12747810346824962,224.62677955973473,0.9479061953773987,0.011973984644707879,"Tukey's biweight
(Cutoff: π/2)"
50,0.4,biweight,0.0002381703945413723,0.10522179624761224,441.7920894418063,0.9479061953773987,0.012562972776359337,"Tukey's biweight
(Cutoff: π/2)"
100,0.4,biweight,0.00011091706688919555,0.10201304520357202,919.723610303196,0.9479061953773987,0.011701270382037655,"Tukey's biweight
(Cutoff: π/2)"
500,0.4,biweight,2.274574944200636e-05,0.0953522839683777,4192.092426389044,0.9479061953773987,0.011997890483746856,"Tukey's biweight
(Cutoff: π/2)"
1000,0.4,biweight,1.1091940015394559e-05,0.09817526725907076,8851.045635192115,0.9479061953773987,0.01170151653136777,"Tukey's biweight
(Cutoff: π/2)"
5000,0.4,biweight,2.8444404937841196e-06,0.09601934115982505,33756.84651152083,0.9479061953773987,0.015003807906602173,"Tukey's biweight
(Cutoff: π/2)"
10000,0.4,biweight,8.138419665672277e-07,0.09906095677383336,121720.13836011785,0.9479061953773987,0.008585680424244988,"Tukey's biweight
(Cutoff: π/2)"
10,0.4,hampel,0.0010193045094212421,0.1690908148977759,165.88842032474193,0.9479061953773987,0.010753221303880357,"Hampel
(Cutoff: π/4,π/2,3π/4)"
20,0.4,hampel,0.0005687048245910769,0.12747810346824962,224.15512926219998,0.9479061953773987,0.011999179399068137,"Hampel
(Cutoff: π/4,π/2,3π/4)"
50,0.4,hampel,0.00023715508755370679,0.10522179624761224,443.68348717707113,0.9479061953773987,0.012509417530459647,"Hampel
(Cutoff: π/4,π/2,3π/4)"
100,0.4,hampel,0.00011170564938188652,0.10201304520357202,913.2308506154551,0.9479061953773987,0.011784462421137792,"Hampel
(Cutoff: π/4,π/2,3π/4)"
500,0.4,hampel,2.2655718882510776e-05,0.0953522839683777,4208.7511971198355,0.9479061953773987,0.011950401312384422,"Hampel
(Cutoff: π/4,π/2,3π/4)"
1000,0.4,hampel,1.1120124793035154e-05,0.09817526725907076,8828.612006275387,0.9479061953773987,0.011731250251621991,"Hampel
(Cutoff: π/4,π/2,3π/4)"
5000,0.4,hampel,2.84928019728907e-06,0.09601934115982505,33699.508125309,0.9479061953773987,0.015029336295004695,"Hampel
(Cutoff: π/4,π/2,3π/4)"
10000,0.4,hampel,8.066205936442277e-07,0.09906095677383336,122809.85329953738,0.9479061953773987,0.008509498066135969,"Hampel
(Cutoff: π/4,π/2,3π/4)"
10,0.4,cauchy,0.002175231495753609,0.1690908148977759,77.73462972923458,0.9479061953773987,0.022947750593481073,"Cauchy
(Cutoff: π/2)"
20,0.4,cauchy,0.0012625312628275305,0.12747810346824962,100.97025493273976,0.9479061953773987,0.02663831651242383,"Cauchy
(Cutoff: π/2)"
50,0.4,cauchy,0.00045218198216815205,0.10522179624761224,232.69789685800353,0.9479061953773987,0.023851620781322178,"Cauchy
(Cutoff: π/2)"
100,0.4,cauchy,0.000244066224153028,0.10201304520357202,417.97280864070103,0.9479061953773987,0.025747930052915802,"Cauchy
(Cutoff: π/2)"
500,0.4,cauchy,4.713993386704881e-05,0.0953522839683777,2022.7496338307274,0.9479061953773987,0.02486529473957101,"Cauchy
(Cutoff: π/2)"
1000,0.4,cauchy,1.9774376413358e-05,0.09817526725907076,4964.77184447401,0.9479061953773987,0.020861111056970194,"Cauchy
(Cutoff: π/2)"
5000,0.4,cauchy,5.906557714024595e-06,0.09601934115982505,16256.39599386893,0.9479061953773987,0.031155813427682907,"Cauchy
(Cutoff: π/2)"
10000,0.4,cauchy,1.673527429660142e-06,0.09906095677383336,59192.908952768434,0.9479061953773987,0.017654989890575033,"Cauchy
(Cutoff: π/2)"
10,0.45,frechet,0.07314865554249904,0.07314865554249904,1.0,0.479951693147754,1.5240837064821042,"$L^2 loss$
(Fréchet mean)"
20,0.45,frechet,0.038334691166661355,0.038334691166661355,1.0,0.479951693147754,1.5974395637712628,"$L^2 loss$
(Fréchet mean)"
50,0.45,frechet,0.03200396399936317,0.03200396399936317,1.0,0.479951693147754,3.33408178950946,"$L^2 loss$
(Fréchet mean)"
100,0.45,frechet,0.02689253789141359,0.02689253789141359,1.0,0.479951693147754,5.603175960280376,"$L^2 loss$
(Fréchet mean)"
500,0.45,frechet,0.021629350598818667,0.021629350598818667,1.0,0.479951693147754,22.532841229252664,"$L^2 loss$
(Fréchet mean)"
1000,0.45,frechet,0.01773540029066994,0.01773540029066994,1.0,0.479951693147754,36.95246947531877,"$L^2 loss$
(Fréchet mean)"
5000,0.45,frechet,0.01616458075617339,0.01616458075617339,1.0,0.479951693147754,168.39799699588824,"$L^2 loss$
(Fréchet mean)"
10000,0.45,frechet,0.015013924330069772,0.015013924330069772,1.0,0.479951693147754,312.82157234619257,"$L^2 loss$
(Fréchet mean)"
10,0.45,huber_90,0.028831343960349424,0.07314865554249904,2.5371226413550967,0.479951693147754,0.6007134545408019,"Huber
(Cutoff: π/2)"
20,0.45,huber_90,0.0128138842937617,0.038334691166661355,2.99165267048058,0.479951693147754,0.5339655834828746,"Huber
(Cutoff: π/2)"
50,0.45,huber_90,0.008912137435824787,0.03200396399936317,3.5910536871563985,0.479951693147754,0.9284410872034541,"Huber
(Cutoff: π/2)"
100,0.45,huber_90,0.005543202147436759,0.02689253789141359,4.851444557880504,0.479951693147754,1.1549500140486584,"Huber
(Cutoff: π/2)"
500,0.45,huber_90,0.0022083916121776468,0.021629350598818667,9.794164440558818,0.479951693147754,2.3006394640405916,"Huber
(Cutoff: π/2)"
1000,0.45,huber_90,0.0010092336176941948,0.01773540029066994,17.573136665017334,0.479951693147754,2.102781659285658,"Huber
(Cutoff: π/2)"
5000,0.45,huber_90,0.0002318669455725526,0.01616458075617339,69.71489927664308,0.479951693147754,2.415523779610586,"Huber
(Cutoff: π/2)"
10000,0.45,huber_90,0.00011522939327793954,0.015013924330069772,130.29595924240763,0.479951693147754,2.400853980162249,"Huber
(Cutoff: π/2)"
10,0.45,huber_45,0.008217943708245568,0.07314865554249904,8.901089875938734,0.479951693147754,0.17122439248725932,"Huber
(Cutoff: π/4)"
20,0.45,huber_45,0.003468498511335266,0.038334691166661355,11.052243799840545,0.479951693147754,0.14453531723524862,"Huber
(Cutoff: π/4)"
50,0.45,huber_45,0.0015836349432127087,0.03200396399936317,20.20918023849421,0.479951693147754,0.1649785765757455,"Huber
(Cutoff: π/4)"
100,0.45,huber_45,0.000983979346435706,0.02689253789141359,27.330388578609025,0.479951693147754,0.20501632986901167,"Huber
(Cutoff: π/4)"
500,0.45,huber_45,0.00018497770767814627,0.021629350598818667,116.92949853423885,0.479951693147754,0.19270450580658807,"Huber
(Cutoff: π/4)"
1000,0.45,huber_45,0.0001042933965328269,0.01773540029066994,170.0529552231778,0.479951693147754,0.21729977833565012,"Huber
(Cutoff: π/4)"
5000,0.45,huber_45,2.2067395310946897e-05,0.01616458075617339,732.509683558108,0.479951693147754,0.22989183730364932,"Huber
(Cutoff: π/4)"
10000,0.45,huber_45,9.647502092925617e-06,0.015013924330069772,1556.2499168649342,0.479951693147754,0.20100985642227157,"Huber
(Cutoff: π/4)"
10,0.45,biweight,0.0010888059743114908,0.07314865554249904,67.1824524004424,0.479951693147754,0.022685740874682152,"Tukey's biweight
(Cutoff: π/2)"
20,0.45,biweight,0.000419397844087272,0.038334691166661355,91.40412071046397,0.479951693147754,0.017476669009610497,"Tukey's biweight
(Cutoff: π/2)"
50,0.45,biweight,0.0002721006086450126,0.03200396399936317,117.6181272020458,0.479951693147754,0.028346666188470548,"Tukey's biweight
(Cutoff: π/2)"
100,0.45,biweight,0.00010013081306619798,0.02689253789141359,268.57404896567186,0.479951693147754,0.020862685661028082,"Tukey's biweight
(Cutoff: π/2)"
500,0.45,biweight,2.2878626442671954e-05,0.021629350598818667,945.3955049712597,0.479951693147754,0.0238343012112562,"Tukey's biweight
(Cutoff: π/2)"
1000,0.45,biweight,1.1168340872560402e-05,0.01773540029066994,1588.006714071936,0.479951693147754,0.02326971866546204,"Tukey's biweight
(Cutoff: π/2)"
5000,0.45,biweight,2.075142958822666e-06,0.01616458075617339,7789.622728134536,0.479951693147754,0.021618248132566017,"Tukey's biweight
(Cutoff: π/2)"
10000,0.45,biweight,9.97553892918447e-07,0.015013924330069772,15050.740051893323,0.479951693147754,0.02078446450258377,"Tukey's biweight
(Cutoff: π/2)"
10,0.45,hampel,0.0010899563584151476,0.07314865554249904,67.11154531807212,0.479951693147754,0.022709709622372405,"Hampel
(Cutoff: π/4,π/2,3π/4)"
20,0.45,hampel,0.00041683050342927985,0.038334691166661355,91.96709658069754,0.479951693147754,0.017369685715472944,"Hampel
(Cutoff: π/4,π/2,3π/4)"
50,0.45,hampel,0.0002704928692453603,0.03200396399936317,118.31721881855903,0.479951693147754,0.028179176478297013,"Hampel
(Cutoff: π/4,π/2,3π/4)"
100,0.45,hampel,9.894223372592112e-05,0.02689253789141359,271.8003917913187,0.479951693147754,0.020615040042261414,"Hampel
(Cutoff: π/4,π/2,3π/4)"
500,0.45,hampel,2.2850768077015675e-05,0.021629350598818667,946.5480777678731,0.479951693147754,0.02380527915960599,"Hampel
(Cutoff: π/4,π/2,3π/4)"
1000,0.45,hampel,1.1128587561569335e-05,0.01773540029066994,1593.6793589076926,0.479951693147754,0.023186890931840884,"Hampel
(Cutoff: π/4,π/2,3π/4)"
5000,0.45,hampel,2.0664513109806035e-06,0.01616458075617339,7822.386460440111,0.479951693147754,0.021527701021615553,"Hampel
(Cutoff: π/4,π/2,3π/4)"
10000,0.45,hampel,9.997749792379319e-07,0.015013924330069772,15017.30353515546,0.479951693147754,0.02083074179155254,"Hampel
(Cutoff: π/4,π/2,3π/4)"
10,0.45,cauchy,0.0014751267578028333,0.07314865554249904,49.588047369876364,0.479951693147754,0.030734900592354255,"Cauchy
(Cutoff: π/2)"
20,0.45,cauchy,0.0005822886119894694,0.038334691166661355,65.83451981945103,0.479951693147754,0.024264467457986896,"Cauchy
(Cutoff: π/2)"
50,0.45,cauchy,0.00038510684435083217,0.03200396399936317,83.1041163480532,0.479951693147754,0.04011933386723946,"Cauchy
(Cutoff: π/2)"
100,0.45,cauchy,0.00013216889266392363,0.02689253789141359,203.4710085662546,0.479951693147754,0.02753795737172974,"Cauchy
(Cutoff: π/2)"
500,0.45,cauchy,3.080990724463834e-05,0.021629350598818667,702.0258265328823,0.479951693147754,0.032096883586942,"Cauchy
(Cutoff: π/2)"
1000,0.45,cauchy,1.73480545834624e-05,0.01773540029066994,1022.3279045695873,0.479951693147754,0.03614541803089706,"Cauchy
(Cutoff: π/2)"
5000,0.45,cauchy,3.009835027790693e-06,0.01616458075617339,5370.586961385277,0.479951693147754,0.03135560381140389,"Cauchy
(Cutoff: π/2)"
10000,0.45,cauchy,1.408331242452788e-06,0.015013924330069772,10660.790499769864,0.479951693147754,0.029343187294877,"Cauchy
(Cutoff: π/2)"
